name,source,description,doublePrecision,ignoredDigits,edge,cost
bayg29,TSPLIB,"29 Cities in Bavaria, geographical distances (Groetschel,Juenger,Reinelt)",15,5,1,97
bayg29,TSPLIB,"29 Cities in Bavaria, geographical distances (Groetschel,Juenger,Reinelt)",15,5,2,205
bayg29,TSPLIB,"29 Cities in Bavaria, geographical distances (Groetschel,Juenger,Reinelt)",15,5,3,139
bayg29,TSPLIB,"29 Cities in Bavaria, geographical distances (Groetschel,Juenger,Reinelt)",15,5,4,86
bayg29,TSPLIB,"29 Cities in Bavaria, geographical distances (Groetschel,Juenger,Reinelt)",15,5,5,60
bayg29,TSPLIB,"29 Cities in Bavaria, geographical distances (Groetschel,Juenger,Reinelt)",15,5,6,220
bayg29,TSPLIB,"29 Cities in Bavaria, geographical distances (Groetschel,Juenger,Reinelt)",15,5,7,65
bayg29,TSPLIB,"29 Cities in Bavaria, geographical distances (Groetschel,Juenger,Reinelt)",15,5,8,111
bayg29,TSPLIB,"29 Cities in Bavaria, geographical distances (Groetschel,Juenger,Reinelt)",15,5,9,115
bayg29,TSPLIB,"29 Cities in Bavaria, geographical distances (Groetschel,Juenger,Reinelt)",15,5,10,227
bayg29,TSPLIB,"29 Cities in Bavaria, geographical distances (Groetschel,Juenger,Reinelt)",15,5,11,95
bayg29,TSPLIB,"29 Cities in Bavaria, geographical distances (Groetschel,Juenger,Reinelt)",15,5,12,82
bayg29,TSPLIB,"29 Cities in Bavaria, geographical distances (Groetschel,Juenger,Reinelt)",15,5,13,225
bayg29,TSPLIB,"29 Cities in Bavaria, geographical distances (Groetschel,Juenger,Reinelt)",15,5,14,168
bayg29,TSPLIB,"29 Cities in Bavaria, geographical distances (Groetschel,Juenger,Reinelt)",15,5,15,103
bayg29,TSPLIB,"29 Cities in Bavaria, geographical distances (Groetschel,Juenger,Reinelt)",15,5,16,266
bayg29,TSPLIB,"29 Cities in Bavaria, geographical distances (Groetschel,Juenger,Reinelt)",15,5,17,205
bayg29,TSPLIB,"29 Cities in Bavaria, geographical distances (Groetschel,Juenger,Reinelt)",15,5,18,149
bayg29,TSPLIB,"29 Cities in Bavaria, geographical distances (Groetschel,Juenger,Reinelt)",15,5,19,120
bayg29,TSPLIB,"29 Cities in Bavaria, geographical distances (Groetschel,Juenger,Reinelt)",15,5,20,58
bayg29,TSPLIB,"29 Cities in Bavaria, geographical distances (Groetschel,Juenger,Reinelt)",15,5,21,257
bayg29,TSPLIB,"29 Cities in Bavaria, geographical distances (Groetschel,Juenger,Reinelt)",15,5,22,152
bayg29,TSPLIB,"29 Cities in Bavaria, geographical distances (Groetschel,Juenger,Reinelt)",15,5,23,52
bayg29,TSPLIB,"29 Cities in Bavaria, geographical distances (Groetschel,Juenger,Reinelt)",15,5,24,180
bayg29,TSPLIB,"29 Cities in Bavaria, geographical distances (Groetschel,Juenger,Reinelt)",15,5,25,136
bayg29,TSPLIB,"29 Cities in Bavaria, geographical distances (Groetschel,Juenger,Reinelt)",15,5,26,82
bayg29,TSPLIB,"29 Cities in Bavaria, geographical distances (Groetschel,Juenger,Reinelt)",15,5,27,34
bayg29,TSPLIB,"29 Cities in Bavaria, geographical distances (Groetschel,Juenger,Reinelt)",15,5,28,145
bayg29,TSPLIB,"29 Cities in Bavaria, geographical distances (Groetschel,Juenger,Reinelt)",15,5,0,97
bayg29,TSPLIB,"29 Cities in Bavaria, geographical distances (Groetschel,Juenger,Reinelt)",15,5,2,129
bayg29,TSPLIB,"29 Cities in Bavaria, geographical distances (Groetschel,Juenger,Reinelt)",15,5,3,103
bayg29,TSPLIB,"29 Cities in Bavaria, geographical distances (Groetschel,Juenger,Reinelt)",15,5,4,71
bayg29,TSPLIB,"29 Cities in Bavaria, geographical distances (Groetschel,Juenger,Reinelt)",15,5,5,105
bayg29,TSPLIB,"29 Cities in Bavaria, geographical distances (Groetschel,Juenger,Reinelt)",15,5,6,258
bayg29,TSPLIB,"29 Cities in Bavaria, geographical distances (Groetschel,Juenger,Reinelt)",15,5,7,154
bayg29,TSPLIB,"29 Cities in Bavaria, geographical distances (Groetschel,Juenger,Reinelt)",15,5,8,112
bayg29,TSPLIB,"29 Cities in Bavaria, geographical distances (Groetschel,Juenger,Reinelt)",15,5,9,65
bayg29,TSPLIB,"29 Cities in Bavaria, geographical distances (Groetschel,Juenger,Reinelt)",15,5,10,204
bayg29,TSPLIB,"29 Cities in Bavaria, geographical distances (Groetschel,Juenger,Reinelt)",15,5,11,150
bayg29,TSPLIB,"29 Cities in Bavaria, geographical distances (Groetschel,Juenger,Reinelt)",15,5,12,87
bayg29,TSPLIB,"29 Cities in Bavaria, geographical distances (Groetschel,Juenger,Reinelt)",15,5,13,176
bayg29,TSPLIB,"29 Cities in Bavaria, geographical distances (Groetschel,Juenger,Reinelt)",15,5,14,137
bayg29,TSPLIB,"29 Cities in Bavaria, geographical distances (Groetschel,Juenger,Reinelt)",15,5,15,142
bayg29,TSPLIB,"29 Cities in Bavaria, geographical distances (Groetschel,Juenger,Reinelt)",15,5,16,204
bayg29,TSPLIB,"29 Cities in Bavaria, geographical distances (Groetschel,Juenger,Reinelt)",15,5,17,148
bayg29,TSPLIB,"29 Cities in Bavaria, geographical distances (Groetschel,Juenger,Reinelt)",15,5,18,148
bayg29,TSPLIB,"29 Cities in Bavaria, geographical distances (Groetschel,Juenger,Reinelt)",15,5,19,49
bayg29,TSPLIB,"29 Cities in Bavaria, geographical distances (Groetschel,Juenger,Reinelt)",15,5,20,41
bayg29,TSPLIB,"29 Cities in Bavaria, geographical distances (Groetschel,Juenger,Reinelt)",15,5,21,211
bayg29,TSPLIB,"29 Cities in Bavaria, geographical distances (Groetschel,Juenger,Reinelt)",15,5,22,226
bayg29,TSPLIB,"29 Cities in Bavaria, geographical distances (Groetschel,Juenger,Reinelt)",15,5,23,116
bayg29,TSPLIB,"29 Cities in Bavaria, geographical distances (Groetschel,Juenger,Reinelt)",15,5,24,197
bayg29,TSPLIB,"29 Cities in Bavaria, geographical distances (Groetschel,Juenger,Reinelt)",15,5,25,89
bayg29,TSPLIB,"29 Cities in Bavaria, geographical distances (Groetschel,Juenger,Reinelt)",15,5,26,153
bayg29,TSPLIB,"29 Cities in Bavaria, geographical distances (Groetschel,Juenger,Reinelt)",15,5,27,124
bayg29,TSPLIB,"29 Cities in Bavaria, geographical distances (Groetschel,Juenger,Reinelt)",15,5,28,74
bayg29,TSPLIB,"29 Cities in Bavaria, geographical distances (Groetschel,Juenger,Reinelt)",15,5,0,205
bayg29,TSPLIB,"29 Cities in Bavaria, geographical distances (Groetschel,Juenger,Reinelt)",15,5,1,129
bayg29,TSPLIB,"29 Cities in Bavaria, geographical distances (Groetschel,Juenger,Reinelt)",15,5,3,219
bayg29,TSPLIB,"29 Cities in Bavaria, geographical distances (Groetschel,Juenger,Reinelt)",15,5,4,125
bayg29,TSPLIB,"29 Cities in Bavaria, geographical distances (Groetschel,Juenger,Reinelt)",15,5,5,175
bayg29,TSPLIB,"29 Cities in Bavaria, geographical distances (Groetschel,Juenger,Reinelt)",15,5,6,386
bayg29,TSPLIB,"29 Cities in Bavaria, geographical distances (Groetschel,Juenger,Reinelt)",15,5,7,269
bayg29,TSPLIB,"29 Cities in Bavaria, geographical distances (Groetschel,Juenger,Reinelt)",15,5,8,134
bayg29,TSPLIB,"29 Cities in Bavaria, geographical distances (Groetschel,Juenger,Reinelt)",15,5,9,184
bayg29,TSPLIB,"29 Cities in Bavaria, geographical distances (Groetschel,Juenger,Reinelt)",15,5,10,313
bayg29,TSPLIB,"29 Cities in Bavaria, geographical distances (Groetschel,Juenger,Reinelt)",15,5,11,201
bayg29,TSPLIB,"29 Cities in Bavaria, geographical distances (Groetschel,Juenger,Reinelt)",15,5,12,215
bayg29,TSPLIB,"29 Cities in Bavaria, geographical distances (Groetschel,Juenger,Reinelt)",15,5,13,267
bayg29,TSPLIB,"29 Cities in Bavaria, geographical distances (Groetschel,Juenger,Reinelt)",15,5,14,248
bayg29,TSPLIB,"29 Cities in Bavaria, geographical distances (Groetschel,Juenger,Reinelt)",15,5,15,271
bayg29,TSPLIB,"29 Cities in Bavaria, geographical distances (Groetschel,Juenger,Reinelt)",15,5,16,274
bayg29,TSPLIB,"29 Cities in Bavaria, geographical distances (Groetschel,Juenger,Reinelt)",15,5,17,236
bayg29,TSPLIB,"29 Cities in Bavaria, geographical distances (Groetschel,Juenger,Reinelt)",15,5,18,272
bayg29,TSPLIB,"29 Cities in Bavaria, geographical distances (Groetschel,Juenger,Reinelt)",15,5,19,160
bayg29,TSPLIB,"29 Cities in Bavaria, geographical distances (Groetschel,Juenger,Reinelt)",15,5,20,151
bayg29,TSPLIB,"29 Cities in Bavaria, geographical distances (Groetschel,Juenger,Reinelt)",15,5,21,300
bayg29,TSPLIB,"29 Cities in Bavaria, geographical distances (Groetschel,Juenger,Reinelt)",15,5,22,350
bayg29,TSPLIB,"29 Cities in Bavaria, geographical distances (Groetschel,Juenger,Reinelt)",15,5,23,239
bayg29,TSPLIB,"29 Cities in Bavaria, geographical distances (Groetschel,Juenger,Reinelt)",15,5,24,322
bayg29,TSPLIB,"29 Cities in Bavaria, geographical distances (Groetschel,Juenger,Reinelt)",15,5,25,78
bayg29,TSPLIB,"29 Cities in Bavaria, geographical distances (Groetschel,Juenger,Reinelt)",15,5,26,276
bayg29,TSPLIB,"29 Cities in Bavaria, geographical distances (Groetschel,Juenger,Reinelt)",15,5,27,220
bayg29,TSPLIB,"29 Cities in Bavaria, geographical distances (Groetschel,Juenger,Reinelt)",15,5,28,60
bayg29,TSPLIB,"29 Cities in Bavaria, geographical distances (Groetschel,Juenger,Reinelt)",15,5,0,139
bayg29,TSPLIB,"29 Cities in Bavaria, geographical distances (Groetschel,Juenger,Reinelt)",15,5,1,103
bayg29,TSPLIB,"29 Cities in Bavaria, geographical distances (Groetschel,Juenger,Reinelt)",15,5,2,219
bayg29,TSPLIB,"29 Cities in Bavaria, geographical distances (Groetschel,Juenger,Reinelt)",15,5,4,167
bayg29,TSPLIB,"29 Cities in Bavaria, geographical distances (Groetschel,Juenger,Reinelt)",15,5,5,182
bayg29,TSPLIB,"29 Cities in Bavaria, geographical distances (Groetschel,Juenger,Reinelt)",15,5,6,180
bayg29,TSPLIB,"29 Cities in Bavaria, geographical distances (Groetschel,Juenger,Reinelt)",15,5,7,162
bayg29,TSPLIB,"29 Cities in Bavaria, geographical distances (Groetschel,Juenger,Reinelt)",15,5,8,208
bayg29,TSPLIB,"29 Cities in Bavaria, geographical distances (Groetschel,Juenger,Reinelt)",15,5,9,39
bayg29,TSPLIB,"29 Cities in Bavaria, geographical distances (Groetschel,Juenger,Reinelt)",15,5,10,102
bayg29,TSPLIB,"29 Cities in Bavaria, geographical distances (Groetschel,Juenger,Reinelt)",15,5,11,227
bayg29,TSPLIB,"29 Cities in Bavaria, geographical distances (Groetschel,Juenger,Reinelt)",15,5,12,60
bayg29,TSPLIB,"29 Cities in Bavaria, geographical distances (Groetschel,Juenger,Reinelt)",15,5,13,86
bayg29,TSPLIB,"29 Cities in Bavaria, geographical distances (Groetschel,Juenger,Reinelt)",15,5,14,34
bayg29,TSPLIB,"29 Cities in Bavaria, geographical distances (Groetschel,Juenger,Reinelt)",15,5,15,96
bayg29,TSPLIB,"29 Cities in Bavaria, geographical distances (Groetschel,Juenger,Reinelt)",15,5,16,129
bayg29,TSPLIB,"29 Cities in Bavaria, geographical distances (Groetschel,Juenger,Reinelt)",15,5,17,69
bayg29,TSPLIB,"29 Cities in Bavaria, geographical distances (Groetschel,Juenger,Reinelt)",15,5,18,58
bayg29,TSPLIB,"29 Cities in Bavaria, geographical distances (Groetschel,Juenger,Reinelt)",15,5,19,60
bayg29,TSPLIB,"29 Cities in Bavaria, geographical distances (Groetschel,Juenger,Reinelt)",15,5,20,120
bayg29,TSPLIB,"29 Cities in Bavaria, geographical distances (Groetschel,Juenger,Reinelt)",15,5,21,119
bayg29,TSPLIB,"29 Cities in Bavaria, geographical distances (Groetschel,Juenger,Reinelt)",15,5,22,192
bayg29,TSPLIB,"29 Cities in Bavaria, geographical distances (Groetschel,Juenger,Reinelt)",15,5,23,114
bayg29,TSPLIB,"29 Cities in Bavaria, geographical distances (Groetschel,Juenger,Reinelt)",15,5,24,110
bayg29,TSPLIB,"29 Cities in Bavaria, geographical distances (Groetschel,Juenger,Reinelt)",15,5,25,192
bayg29,TSPLIB,"29 Cities in Bavaria, geographical distances (Groetschel,Juenger,Reinelt)",15,5,26,136
bayg29,TSPLIB,"29 Cities in Bavaria, geographical distances (Groetschel,Juenger,Reinelt)",15,5,27,173
bayg29,TSPLIB,"29 Cities in Bavaria, geographical distances (Groetschel,Juenger,Reinelt)",15,5,28,173
bayg29,TSPLIB,"29 Cities in Bavaria, geographical distances (Groetschel,Juenger,Reinelt)",15,5,0,86
bayg29,TSPLIB,"29 Cities in Bavaria, geographical distances (Groetschel,Juenger,Reinelt)",15,5,1,71
bayg29,TSPLIB,"29 Cities in Bavaria, geographical distances (Groetschel,Juenger,Reinelt)",15,5,2,125
bayg29,TSPLIB,"29 Cities in Bavaria, geographical distances (Groetschel,Juenger,Reinelt)",15,5,3,167
bayg29,TSPLIB,"29 Cities in Bavaria, geographical distances (Groetschel,Juenger,Reinelt)",15,5,5,51
bayg29,TSPLIB,"29 Cities in Bavaria, geographical distances (Groetschel,Juenger,Reinelt)",15,5,6,296
bayg29,TSPLIB,"29 Cities in Bavaria, geographical distances (Groetschel,Juenger,Reinelt)",15,5,7,150
bayg29,TSPLIB,"29 Cities in Bavaria, geographical distances (Groetschel,Juenger,Reinelt)",15,5,8,42
bayg29,TSPLIB,"29 Cities in Bavaria, geographical distances (Groetschel,Juenger,Reinelt)",15,5,9,131
bayg29,TSPLIB,"29 Cities in Bavaria, geographical distances (Groetschel,Juenger,Reinelt)",15,5,10,268
bayg29,TSPLIB,"29 Cities in Bavaria, geographical distances (Groetschel,Juenger,Reinelt)",15,5,11,88
bayg29,TSPLIB,"29 Cities in Bavaria, geographical distances (Groetschel,Juenger,Reinelt)",15,5,12,131
bayg29,TSPLIB,"29 Cities in Bavaria, geographical distances (Groetschel,Juenger,Reinelt)",15,5,13,245
bayg29,TSPLIB,"29 Cities in Bavaria, geographical distances (Groetschel,Juenger,Reinelt)",15,5,14,201
bayg29,TSPLIB,"29 Cities in Bavaria, geographical distances (Groetschel,Juenger,Reinelt)",15,5,15,175
bayg29,TSPLIB,"29 Cities in Bavaria, geographical distances (Groetschel,Juenger,Reinelt)",15,5,16,275
bayg29,TSPLIB,"29 Cities in Bavaria, geographical distances (Groetschel,Juenger,Reinelt)",15,5,17,218
bayg29,TSPLIB,"29 Cities in Bavaria, geographical distances (Groetschel,Juenger,Reinelt)",15,5,18,202
bayg29,TSPLIB,"29 Cities in Bavaria, geographical distances (Groetschel,Juenger,Reinelt)",15,5,19,119
bayg29,TSPLIB,"29 Cities in Bavaria, geographical distances (Groetschel,Juenger,Reinelt)",15,5,20,50
bayg29,TSPLIB,"29 Cities in Bavaria, geographical distances (Groetschel,Juenger,Reinelt)",15,5,21,281
bayg29,TSPLIB,"29 Cities in Bavaria, geographical distances (Groetschel,Juenger,Reinelt)",15,5,22,238
bayg29,TSPLIB,"29 Cities in Bavaria, geographical distances (Groetschel,Juenger,Reinelt)",15,5,23,131
bayg29,TSPLIB,"29 Cities in Bavaria, geographical distances (Groetschel,Juenger,Reinelt)",15,5,24,244
bayg29,TSPLIB,"29 Cities in Bavaria, geographical distances (Groetschel,Juenger,Reinelt)",15,5,25,51
bayg29,TSPLIB,"29 Cities in Bavaria, geographical distances (Groetschel,Juenger,Reinelt)",15,5,26,166
bayg29,TSPLIB,"29 Cities in Bavaria, geographical distances (Groetschel,Juenger,Reinelt)",15,5,27,95
bayg29,TSPLIB,"29 Cities in Bavaria, geographical distances (Groetschel,Juenger,Reinelt)",15,5,28,69
bayg29,TSPLIB,"29 Cities in Bavaria, geographical distances (Groetschel,Juenger,Reinelt)",15,5,0,60
bayg29,TSPLIB,"29 Cities in Bavaria, geographical distances (Groetschel,Juenger,Reinelt)",15,5,1,105
bayg29,TSPLIB,"29 Cities in Bavaria, geographical distances (Groetschel,Juenger,Reinelt)",15,5,2,175
bayg29,TSPLIB,"29 Cities in Bavaria, geographical distances (Groetschel,Juenger,Reinelt)",15,5,3,182
bayg29,TSPLIB,"29 Cities in Bavaria, geographical distances (Groetschel,Juenger,Reinelt)",15,5,4,51
bayg29,TSPLIB,"29 Cities in Bavaria, geographical distances (Groetschel,Juenger,Reinelt)",15,5,6,279
bayg29,TSPLIB,"29 Cities in Bavaria, geographical distances (Groetschel,Juenger,Reinelt)",15,5,7,114
bayg29,TSPLIB,"29 Cities in Bavaria, geographical distances (Groetschel,Juenger,Reinelt)",15,5,8,56
bayg29,TSPLIB,"29 Cities in Bavaria, geographical distances (Groetschel,Juenger,Reinelt)",15,5,9,150
bayg29,TSPLIB,"29 Cities in Bavaria, geographical distances (Groetschel,Juenger,Reinelt)",15,5,10,278
bayg29,TSPLIB,"29 Cities in Bavaria, geographical distances (Groetschel,Juenger,Reinelt)",15,5,11,46
bayg29,TSPLIB,"29 Cities in Bavaria, geographical distances (Groetschel,Juenger,Reinelt)",15,5,12,133
bayg29,TSPLIB,"29 Cities in Bavaria, geographical distances (Groetschel,Juenger,Reinelt)",15,5,13,266
bayg29,TSPLIB,"29 Cities in Bavaria, geographical distances (Groetschel,Juenger,Reinelt)",15,5,14,214
bayg29,TSPLIB,"29 Cities in Bavaria, geographical distances (Groetschel,Juenger,Reinelt)",15,5,15,162
bayg29,TSPLIB,"29 Cities in Bavaria, geographical distances (Groetschel,Juenger,Reinelt)",15,5,16,302
bayg29,TSPLIB,"29 Cities in Bavaria, geographical distances (Groetschel,Juenger,Reinelt)",15,5,17,242
bayg29,TSPLIB,"29 Cities in Bavaria, geographical distances (Groetschel,Juenger,Reinelt)",15,5,18,203
bayg29,TSPLIB,"29 Cities in Bavaria, geographical distances (Groetschel,Juenger,Reinelt)",15,5,19,146
bayg29,TSPLIB,"29 Cities in Bavaria, geographical distances (Groetschel,Juenger,Reinelt)",15,5,20,67
bayg29,TSPLIB,"29 Cities in Bavaria, geographical distances (Groetschel,Juenger,Reinelt)",15,5,21,300
bayg29,TSPLIB,"29 Cities in Bavaria, geographical distances (Groetschel,Juenger,Reinelt)",15,5,22,205
bayg29,TSPLIB,"29 Cities in Bavaria, geographical distances (Groetschel,Juenger,Reinelt)",15,5,23,111
bayg29,TSPLIB,"29 Cities in Bavaria, geographical distances (Groetschel,Juenger,Reinelt)",15,5,24,238
bayg29,TSPLIB,"29 Cities in Bavaria, geographical distances (Groetschel,Juenger,Reinelt)",15,5,25,98
bayg29,TSPLIB,"29 Cities in Bavaria, geographical distances (Groetschel,Juenger,Reinelt)",15,5,26,139
bayg29,TSPLIB,"29 Cities in Bavaria, geographical distances (Groetschel,Juenger,Reinelt)",15,5,27,52
bayg29,TSPLIB,"29 Cities in Bavaria, geographical distances (Groetschel,Juenger,Reinelt)",15,5,28,120
bayg29,TSPLIB,"29 Cities in Bavaria, geographical distances (Groetschel,Juenger,Reinelt)",15,5,0,220
bayg29,TSPLIB,"29 Cities in Bavaria, geographical distances (Groetschel,Juenger,Reinelt)",15,5,1,258
bayg29,TSPLIB,"29 Cities in Bavaria, geographical distances (Groetschel,Juenger,Reinelt)",15,5,2,386
bayg29,TSPLIB,"29 Cities in Bavaria, geographical distances (Groetschel,Juenger,Reinelt)",15,5,3,180
bayg29,TSPLIB,"29 Cities in Bavaria, geographical distances (Groetschel,Juenger,Reinelt)",15,5,4,296
bayg29,TSPLIB,"29 Cities in Bavaria, geographical distances (Groetschel,Juenger,Reinelt)",15,5,5,279
bayg29,TSPLIB,"29 Cities in Bavaria, geographical distances (Groetschel,Juenger,Reinelt)",15,5,7,178
bayg29,TSPLIB,"29 Cities in Bavaria, geographical distances (Groetschel,Juenger,Reinelt)",15,5,8,328
bayg29,TSPLIB,"29 Cities in Bavaria, geographical distances (Groetschel,Juenger,Reinelt)",15,5,9,206
bayg29,TSPLIB,"29 Cities in Bavaria, geographical distances (Groetschel,Juenger,Reinelt)",15,5,10,147
bayg29,TSPLIB,"29 Cities in Bavaria, geographical distances (Groetschel,Juenger,Reinelt)",15,5,11,308
bayg29,TSPLIB,"29 Cities in Bavaria, geographical distances (Groetschel,Juenger,Reinelt)",15,5,12,172
bayg29,TSPLIB,"29 Cities in Bavaria, geographical distances (Groetschel,Juenger,Reinelt)",15,5,13,203
bayg29,TSPLIB,"29 Cities in Bavaria, geographical distances (Groetschel,Juenger,Reinelt)",15,5,14,165
bayg29,TSPLIB,"29 Cities in Bavaria, geographical distances (Groetschel,Juenger,Reinelt)",15,5,15,121
bayg29,TSPLIB,"29 Cities in Bavaria, geographical distances (Groetschel,Juenger,Reinelt)",15,5,16,251
bayg29,TSPLIB,"29 Cities in Bavaria, geographical distances (Groetschel,Juenger,Reinelt)",15,5,17,216
bayg29,TSPLIB,"29 Cities in Bavaria, geographical distances (Groetschel,Juenger,Reinelt)",15,5,18,122
bayg29,TSPLIB,"29 Cities in Bavaria, geographical distances (Groetschel,Juenger,Reinelt)",15,5,19,231
bayg29,TSPLIB,"29 Cities in Bavaria, geographical distances (Groetschel,Juenger,Reinelt)",15,5,20,249
bayg29,TSPLIB,"29 Cities in Bavaria, geographical distances (Groetschel,Juenger,Reinelt)",15,5,21,209
bayg29,TSPLIB,"29 Cities in Bavaria, geographical distances (Groetschel,Juenger,Reinelt)",15,5,22,111
bayg29,TSPLIB,"29 Cities in Bavaria, geographical distances (Groetschel,Juenger,Reinelt)",15,5,23,169
bayg29,TSPLIB,"29 Cities in Bavaria, geographical distances (Groetschel,Juenger,Reinelt)",15,5,24,72
bayg29,TSPLIB,"29 Cities in Bavaria, geographical distances (Groetschel,Juenger,Reinelt)",15,5,25,338
bayg29,TSPLIB,"29 Cities in Bavaria, geographical distances (Groetschel,Juenger,Reinelt)",15,5,26,144
bayg29,TSPLIB,"29 Cities in Bavaria, geographical distances (Groetschel,Juenger,Reinelt)",15,5,27,237
bayg29,TSPLIB,"29 Cities in Bavaria, geographical distances (Groetschel,Juenger,Reinelt)",15,5,28,331
bayg29,TSPLIB,"29 Cities in Bavaria, geographical distances (Groetschel,Juenger,Reinelt)",15,5,0,65
bayg29,TSPLIB,"29 Cities in Bavaria, geographical distances (Groetschel,Juenger,Reinelt)",15,5,1,154
bayg29,TSPLIB,"29 Cities in Bavaria, geographical distances (Groetschel,Juenger,Reinelt)",15,5,2,269
bayg29,TSPLIB,"29 Cities in Bavaria, geographical distances (Groetschel,Juenger,Reinelt)",15,5,3,162
bayg29,TSPLIB,"29 Cities in Bavaria, geographical distances (Groetschel,Juenger,Reinelt)",15,5,4,150
bayg29,TSPLIB,"29 Cities in Bavaria, geographical distances (Groetschel,Juenger,Reinelt)",15,5,5,114
bayg29,TSPLIB,"29 Cities in Bavaria, geographical distances (Groetschel,Juenger,Reinelt)",15,5,6,178
bayg29,TSPLIB,"29 Cities in Bavaria, geographical distances (Groetschel,Juenger,Reinelt)",15,5,8,169
bayg29,TSPLIB,"29 Cities in Bavaria, geographical distances (Groetschel,Juenger,Reinelt)",15,5,9,151
bayg29,TSPLIB,"29 Cities in Bavaria, geographical distances (Groetschel,Juenger,Reinelt)",15,5,10,227
bayg29,TSPLIB,"29 Cities in Bavaria, geographical distances (Groetschel,Juenger,Reinelt)",15,5,11,133
bayg29,TSPLIB,"29 Cities in Bavaria, geographical distances (Groetschel,Juenger,Reinelt)",15,5,12,104
bayg29,TSPLIB,"29 Cities in Bavaria, geographical distances (Groetschel,Juenger,Reinelt)",15,5,13,242
bayg29,TSPLIB,"29 Cities in Bavaria, geographical distances (Groetschel,Juenger,Reinelt)",15,5,14,182
bayg29,TSPLIB,"29 Cities in Bavaria, geographical distances (Groetschel,Juenger,Reinelt)",15,5,15,84
bayg29,TSPLIB,"29 Cities in Bavaria, geographical distances (Groetschel,Juenger,Reinelt)",15,5,16,290
bayg29,TSPLIB,"29 Cities in Bavaria, geographical distances (Groetschel,Juenger,Reinelt)",15,5,17,230
bayg29,TSPLIB,"29 Cities in Bavaria, geographical distances (Groetschel,Juenger,Reinelt)",15,5,18,146
bayg29,TSPLIB,"29 Cities in Bavaria, geographical distances (Groetschel,Juenger,Reinelt)",15,5,19,165
bayg29,TSPLIB,"29 Cities in Bavaria, geographical distances (Groetschel,Juenger,Reinelt)",15,5,20,121
bayg29,TSPLIB,"29 Cities in Bavaria, geographical distances (Groetschel,Juenger,Reinelt)",15,5,21,270
bayg29,TSPLIB,"29 Cities in Bavaria, geographical distances (Groetschel,Juenger,Reinelt)",15,5,22,91
bayg29,TSPLIB,"29 Cities in Bavaria, geographical distances (Groetschel,Juenger,Reinelt)",15,5,23,48
bayg29,TSPLIB,"29 Cities in Bavaria, geographical distances (Groetschel,Juenger,Reinelt)",15,5,24,158
bayg29,TSPLIB,"29 Cities in Bavaria, geographical distances (Groetschel,Juenger,Reinelt)",15,5,25,200
bayg29,TSPLIB,"29 Cities in Bavaria, geographical distances (Groetschel,Juenger,Reinelt)",15,5,26,39
bayg29,TSPLIB,"29 Cities in Bavaria, geographical distances (Groetschel,Juenger,Reinelt)",15,5,27,64
bayg29,TSPLIB,"29 Cities in Bavaria, geographical distances (Groetschel,Juenger,Reinelt)",15,5,28,210
bayg29,TSPLIB,"29 Cities in Bavaria, geographical distances (Groetschel,Juenger,Reinelt)",15,5,0,111
bayg29,TSPLIB,"29 Cities in Bavaria, geographical distances (Groetschel,Juenger,Reinelt)",15,5,1,112
bayg29,TSPLIB,"29 Cities in Bavaria, geographical distances (Groetschel,Juenger,Reinelt)",15,5,2,134
bayg29,TSPLIB,"29 Cities in Bavaria, geographical distances (Groetschel,Juenger,Reinelt)",15,5,3,208
bayg29,TSPLIB,"29 Cities in Bavaria, geographical distances (Groetschel,Juenger,Reinelt)",15,5,4,42
bayg29,TSPLIB,"29 Cities in Bavaria, geographical distances (Groetschel,Juenger,Reinelt)",15,5,5,56
bayg29,TSPLIB,"29 Cities in Bavaria, geographical distances (Groetschel,Juenger,Reinelt)",15,5,6,328
bayg29,TSPLIB,"29 Cities in Bavaria, geographical distances (Groetschel,Juenger,Reinelt)",15,5,7,169
bayg29,TSPLIB,"29 Cities in Bavaria, geographical distances (Groetschel,Juenger,Reinelt)",15,5,9,172
bayg29,TSPLIB,"29 Cities in Bavaria, geographical distances (Groetschel,Juenger,Reinelt)",15,5,10,309
bayg29,TSPLIB,"29 Cities in Bavaria, geographical distances (Groetschel,Juenger,Reinelt)",15,5,11,68
bayg29,TSPLIB,"29 Cities in Bavaria, geographical distances (Groetschel,Juenger,Reinelt)",15,5,12,169
bayg29,TSPLIB,"29 Cities in Bavaria, geographical distances (Groetschel,Juenger,Reinelt)",15,5,13,286
bayg29,TSPLIB,"29 Cities in Bavaria, geographical distances (Groetschel,Juenger,Reinelt)",15,5,14,242
bayg29,TSPLIB,"29 Cities in Bavaria, geographical distances (Groetschel,Juenger,Reinelt)",15,5,15,208
bayg29,TSPLIB,"29 Cities in Bavaria, geographical distances (Groetschel,Juenger,Reinelt)",15,5,16,315
bayg29,TSPLIB,"29 Cities in Bavaria, geographical distances (Groetschel,Juenger,Reinelt)",15,5,17,259
bayg29,TSPLIB,"29 Cities in Bavaria, geographical distances (Groetschel,Juenger,Reinelt)",15,5,18,240
bayg29,TSPLIB,"29 Cities in Bavaria, geographical distances (Groetschel,Juenger,Reinelt)",15,5,19,160
bayg29,TSPLIB,"29 Cities in Bavaria, geographical distances (Groetschel,Juenger,Reinelt)",15,5,20,90
bayg29,TSPLIB,"29 Cities in Bavaria, geographical distances (Groetschel,Juenger,Reinelt)",15,5,21,322
bayg29,TSPLIB,"29 Cities in Bavaria, geographical distances (Groetschel,Juenger,Reinelt)",15,5,22,260
bayg29,TSPLIB,"29 Cities in Bavaria, geographical distances (Groetschel,Juenger,Reinelt)",15,5,23,160
bayg29,TSPLIB,"29 Cities in Bavaria, geographical distances (Groetschel,Juenger,Reinelt)",15,5,24,281
bayg29,TSPLIB,"29 Cities in Bavaria, geographical distances (Groetschel,Juenger,Reinelt)",15,5,25,57
bayg29,TSPLIB,"29 Cities in Bavaria, geographical distances (Groetschel,Juenger,Reinelt)",15,5,26,192
bayg29,TSPLIB,"29 Cities in Bavaria, geographical distances (Groetschel,Juenger,Reinelt)",15,5,27,107
bayg29,TSPLIB,"29 Cities in Bavaria, geographical distances (Groetschel,Juenger,Reinelt)",15,5,28,90
bayg29,TSPLIB,"29 Cities in Bavaria, geographical distances (Groetschel,Juenger,Reinelt)",15,5,0,115
bayg29,TSPLIB,"29 Cities in Bavaria, geographical distances (Groetschel,Juenger,Reinelt)",15,5,1,65
bayg29,TSPLIB,"29 Cities in Bavaria, geographical distances (Groetschel,Juenger,Reinelt)",15,5,2,184
bayg29,TSPLIB,"29 Cities in Bavaria, geographical distances (Groetschel,Juenger,Reinelt)",15,5,3,39
bayg29,TSPLIB,"29 Cities in Bavaria, geographical distances (Groetschel,Juenger,Reinelt)",15,5,4,131
bayg29,TSPLIB,"29 Cities in Bavaria, geographical distances (Groetschel,Juenger,Reinelt)",15,5,5,150
bayg29,TSPLIB,"29 Cities in Bavaria, geographical distances (Groetschel,Juenger,Reinelt)",15,5,6,206
bayg29,TSPLIB,"29 Cities in Bavaria, geographical distances (Groetschel,Juenger,Reinelt)",15,5,7,151
bayg29,TSPLIB,"29 Cities in Bavaria, geographical distances (Groetschel,Juenger,Reinelt)",15,5,8,172
bayg29,TSPLIB,"29 Cities in Bavaria, geographical distances (Groetschel,Juenger,Reinelt)",15,5,10,140
bayg29,TSPLIB,"29 Cities in Bavaria, geographical distances (Groetschel,Juenger,Reinelt)",15,5,11,195
bayg29,TSPLIB,"29 Cities in Bavaria, geographical distances (Groetschel,Juenger,Reinelt)",15,5,12,51
bayg29,TSPLIB,"29 Cities in Bavaria, geographical distances (Groetschel,Juenger,Reinelt)",15,5,13,117
bayg29,TSPLIB,"29 Cities in Bavaria, geographical distances (Groetschel,Juenger,Reinelt)",15,5,14,72
bayg29,TSPLIB,"29 Cities in Bavaria, geographical distances (Groetschel,Juenger,Reinelt)",15,5,15,104
bayg29,TSPLIB,"29 Cities in Bavaria, geographical distances (Groetschel,Juenger,Reinelt)",15,5,16,153
bayg29,TSPLIB,"29 Cities in Bavaria, geographical distances (Groetschel,Juenger,Reinelt)",15,5,17,93
bayg29,TSPLIB,"29 Cities in Bavaria, geographical distances (Groetschel,Juenger,Reinelt)",15,5,18,88
bayg29,TSPLIB,"29 Cities in Bavaria, geographical distances (Groetschel,Juenger,Reinelt)",15,5,19,25
bayg29,TSPLIB,"29 Cities in Bavaria, geographical distances (Groetschel,Juenger,Reinelt)",15,5,20,85
bayg29,TSPLIB,"29 Cities in Bavaria, geographical distances (Groetschel,Juenger,Reinelt)",15,5,21,152
bayg29,TSPLIB,"29 Cities in Bavaria, geographical distances (Groetschel,Juenger,Reinelt)",15,5,22,200
bayg29,TSPLIB,"29 Cities in Bavaria, geographical distances (Groetschel,Juenger,Reinelt)",15,5,23,104
bayg29,TSPLIB,"29 Cities in Bavaria, geographical distances (Groetschel,Juenger,Reinelt)",15,5,24,139
bayg29,TSPLIB,"29 Cities in Bavaria, geographical distances (Groetschel,Juenger,Reinelt)",15,5,25,154
bayg29,TSPLIB,"29 Cities in Bavaria, geographical distances (Groetschel,Juenger,Reinelt)",15,5,26,134
bayg29,TSPLIB,"29 Cities in Bavaria, geographical distances (Groetschel,Juenger,Reinelt)",15,5,27,149
bayg29,TSPLIB,"29 Cities in Bavaria, geographical distances (Groetschel,Juenger,Reinelt)",15,5,28,135
bayg29,TSPLIB,"29 Cities in Bavaria, geographical distances (Groetschel,Juenger,Reinelt)",15,5,0,227
bayg29,TSPLIB,"29 Cities in Bavaria, geographical distances (Groetschel,Juenger,Reinelt)",15,5,1,204
bayg29,TSPLIB,"29 Cities in Bavaria, geographical distances (Groetschel,Juenger,Reinelt)",15,5,2,313
bayg29,TSPLIB,"29 Cities in Bavaria, geographical distances (Groetschel,Juenger,Reinelt)",15,5,3,102
bayg29,TSPLIB,"29 Cities in Bavaria, geographical distances (Groetschel,Juenger,Reinelt)",15,5,4,268
bayg29,TSPLIB,"29 Cities in Bavaria, geographical distances (Groetschel,Juenger,Reinelt)",15,5,5,278
bayg29,TSPLIB,"29 Cities in Bavaria, geographical distances (Groetschel,Juenger,Reinelt)",15,5,6,147
bayg29,TSPLIB,"29 Cities in Bavaria, geographical distances (Groetschel,Juenger,Reinelt)",15,5,7,227
bayg29,TSPLIB,"29 Cities in Bavaria, geographical distances (Groetschel,Juenger,Reinelt)",15,5,8,309
bayg29,TSPLIB,"29 Cities in Bavaria, geographical distances (Groetschel,Juenger,Reinelt)",15,5,9,140
bayg29,TSPLIB,"29 Cities in Bavaria, geographical distances (Groetschel,Juenger,Reinelt)",15,5,11,320
bayg29,TSPLIB,"29 Cities in Bavaria, geographical distances (Groetschel,Juenger,Reinelt)",15,5,12,146
bayg29,TSPLIB,"29 Cities in Bavaria, geographical distances (Groetschel,Juenger,Reinelt)",15,5,13,64
bayg29,TSPLIB,"29 Cities in Bavaria, geographical distances (Groetschel,Juenger,Reinelt)",15,5,14,68
bayg29,TSPLIB,"29 Cities in Bavaria, geographical distances (Groetschel,Juenger,Reinelt)",15,5,15,143
bayg29,TSPLIB,"29 Cities in Bavaria, geographical distances (Groetschel,Juenger,Reinelt)",15,5,16,106
bayg29,TSPLIB,"29 Cities in Bavaria, geographical distances (Groetschel,Juenger,Reinelt)",15,5,17,88
bayg29,TSPLIB,"29 Cities in Bavaria, geographical distances (Groetschel,Juenger,Reinelt)",15,5,18,81
bayg29,TSPLIB,"29 Cities in Bavaria, geographical distances (Groetschel,Juenger,Reinelt)",15,5,19,159
bayg29,TSPLIB,"29 Cities in Bavaria, geographical distances (Groetschel,Juenger,Reinelt)",15,5,20,219
bayg29,TSPLIB,"29 Cities in Bavaria, geographical distances (Groetschel,Juenger,Reinelt)",15,5,21,63
bayg29,TSPLIB,"29 Cities in Bavaria, geographical distances (Groetschel,Juenger,Reinelt)",15,5,22,216
bayg29,TSPLIB,"29 Cities in Bavaria, geographical distances (Groetschel,Juenger,Reinelt)",15,5,23,187
bayg29,TSPLIB,"29 Cities in Bavaria, geographical distances (Groetschel,Juenger,Reinelt)",15,5,24,88
bayg29,TSPLIB,"29 Cities in Bavaria, geographical distances (Groetschel,Juenger,Reinelt)",15,5,25,293
bayg29,TSPLIB,"29 Cities in Bavaria, geographical distances (Groetschel,Juenger,Reinelt)",15,5,26,191
bayg29,TSPLIB,"29 Cities in Bavaria, geographical distances (Groetschel,Juenger,Reinelt)",15,5,27,258
bayg29,TSPLIB,"29 Cities in Bavaria, geographical distances (Groetschel,Juenger,Reinelt)",15,5,28,272
bayg29,TSPLIB,"29 Cities in Bavaria, geographical distances (Groetschel,Juenger,Reinelt)",15,5,0,95
bayg29,TSPLIB,"29 Cities in Bavaria, geographical distances (Groetschel,Juenger,Reinelt)",15,5,1,150
bayg29,TSPLIB,"29 Cities in Bavaria, geographical distances (Groetschel,Juenger,Reinelt)",15,5,2,201
bayg29,TSPLIB,"29 Cities in Bavaria, geographical distances (Groetschel,Juenger,Reinelt)",15,5,3,227
bayg29,TSPLIB,"29 Cities in Bavaria, geographical distances (Groetschel,Juenger,Reinelt)",15,5,4,88
bayg29,TSPLIB,"29 Cities in Bavaria, geographical distances (Groetschel,Juenger,Reinelt)",15,5,5,46
bayg29,TSPLIB,"29 Cities in Bavaria, geographical distances (Groetschel,Juenger,Reinelt)",15,5,6,308
bayg29,TSPLIB,"29 Cities in Bavaria, geographical distances (Groetschel,Juenger,Reinelt)",15,5,7,133
bayg29,TSPLIB,"29 Cities in Bavaria, geographical distances (Groetschel,Juenger,Reinelt)",15,5,8,68
bayg29,TSPLIB,"29 Cities in Bavaria, geographical distances (Groetschel,Juenger,Reinelt)",15,5,9,195
bayg29,TSPLIB,"29 Cities in Bavaria, geographical distances (Groetschel,Juenger,Reinelt)",15,5,10,320
bayg29,TSPLIB,"29 Cities in Bavaria, geographical distances (Groetschel,Juenger,Reinelt)",15,5,12,174
bayg29,TSPLIB,"29 Cities in Bavaria, geographical distances (Groetschel,Juenger,Reinelt)",15,5,13,311
bayg29,TSPLIB,"29 Cities in Bavaria, geographical distances (Groetschel,Juenger,Reinelt)",15,5,14,258
bayg29,TSPLIB,"29 Cities in Bavaria, geographical distances (Groetschel,Juenger,Reinelt)",15,5,15,196
bayg29,TSPLIB,"29 Cities in Bavaria, geographical distances (Groetschel,Juenger,Reinelt)",15,5,16,347
bayg29,TSPLIB,"29 Cities in Bavaria, geographical distances (Groetschel,Juenger,Reinelt)",15,5,17,288
bayg29,TSPLIB,"29 Cities in Bavaria, geographical distances (Groetschel,Juenger,Reinelt)",15,5,18,243
bayg29,TSPLIB,"29 Cities in Bavaria, geographical distances (Groetschel,Juenger,Reinelt)",15,5,19,192
bayg29,TSPLIB,"29 Cities in Bavaria, geographical distances (Groetschel,Juenger,Reinelt)",15,5,20,113
bayg29,TSPLIB,"29 Cities in Bavaria, geographical distances (Groetschel,Juenger,Reinelt)",15,5,21,345
bayg29,TSPLIB,"29 Cities in Bavaria, geographical distances (Groetschel,Juenger,Reinelt)",15,5,22,222
bayg29,TSPLIB,"29 Cities in Bavaria, geographical distances (Groetschel,Juenger,Reinelt)",15,5,23,144
bayg29,TSPLIB,"29 Cities in Bavaria, geographical distances (Groetschel,Juenger,Reinelt)",15,5,24,274
bayg29,TSPLIB,"29 Cities in Bavaria, geographical distances (Groetschel,Juenger,Reinelt)",15,5,25,124
bayg29,TSPLIB,"29 Cities in Bavaria, geographical distances (Groetschel,Juenger,Reinelt)",15,5,26,165
bayg29,TSPLIB,"29 Cities in Bavaria, geographical distances (Groetschel,Juenger,Reinelt)",15,5,27,71
bayg29,TSPLIB,"29 Cities in Bavaria, geographical distances (Groetschel,Juenger,Reinelt)",15,5,28,153
bayg29,TSPLIB,"29 Cities in Bavaria, geographical distances (Groetschel,Juenger,Reinelt)",15,5,0,82
bayg29,TSPLIB,"29 Cities in Bavaria, geographical distances (Groetschel,Juenger,Reinelt)",15,5,1,87
bayg29,TSPLIB,"29 Cities in Bavaria, geographical distances (Groetschel,Juenger,Reinelt)",15,5,2,215
bayg29,TSPLIB,"29 Cities in Bavaria, geographical distances (Groetschel,Juenger,Reinelt)",15,5,3,60
bayg29,TSPLIB,"29 Cities in Bavaria, geographical distances (Groetschel,Juenger,Reinelt)",15,5,4,131
bayg29,TSPLIB,"29 Cities in Bavaria, geographical distances (Groetschel,Juenger,Reinelt)",15,5,5,133
bayg29,TSPLIB,"29 Cities in Bavaria, geographical distances (Groetschel,Juenger,Reinelt)",15,5,6,172
bayg29,TSPLIB,"29 Cities in Bavaria, geographical distances (Groetschel,Juenger,Reinelt)",15,5,7,104
bayg29,TSPLIB,"29 Cities in Bavaria, geographical distances (Groetschel,Juenger,Reinelt)",15,5,8,169
bayg29,TSPLIB,"29 Cities in Bavaria, geographical distances (Groetschel,Juenger,Reinelt)",15,5,9,51
bayg29,TSPLIB,"29 Cities in Bavaria, geographical distances (Groetschel,Juenger,Reinelt)",15,5,10,146
bayg29,TSPLIB,"29 Cities in Bavaria, geographical distances (Groetschel,Juenger,Reinelt)",15,5,11,174
bayg29,TSPLIB,"29 Cities in Bavaria, geographical distances (Groetschel,Juenger,Reinelt)",15,5,13,144
bayg29,TSPLIB,"29 Cities in Bavaria, geographical distances (Groetschel,Juenger,Reinelt)",15,5,14,86
bayg29,TSPLIB,"29 Cities in Bavaria, geographical distances (Groetschel,Juenger,Reinelt)",15,5,15,57
bayg29,TSPLIB,"29 Cities in Bavaria, geographical distances (Groetschel,Juenger,Reinelt)",15,5,16,189
bayg29,TSPLIB,"29 Cities in Bavaria, geographical distances (Groetschel,Juenger,Reinelt)",15,5,17,128
bayg29,TSPLIB,"29 Cities in Bavaria, geographical distances (Groetschel,Juenger,Reinelt)",15,5,18,71
bayg29,TSPLIB,"29 Cities in Bavaria, geographical distances (Groetschel,Juenger,Reinelt)",15,5,19,71
bayg29,TSPLIB,"29 Cities in Bavaria, geographical distances (Groetschel,Juenger,Reinelt)",15,5,20,82
bayg29,TSPLIB,"29 Cities in Bavaria, geographical distances (Groetschel,Juenger,Reinelt)",15,5,21,176
bayg29,TSPLIB,"29 Cities in Bavaria, geographical distances (Groetschel,Juenger,Reinelt)",15,5,22,150
bayg29,TSPLIB,"29 Cities in Bavaria, geographical distances (Groetschel,Juenger,Reinelt)",15,5,23,56
bayg29,TSPLIB,"29 Cities in Bavaria, geographical distances (Groetschel,Juenger,Reinelt)",15,5,24,114
bayg29,TSPLIB,"29 Cities in Bavaria, geographical distances (Groetschel,Juenger,Reinelt)",15,5,25,168
bayg29,TSPLIB,"29 Cities in Bavaria, geographical distances (Groetschel,Juenger,Reinelt)",15,5,26,83
bayg29,TSPLIB,"29 Cities in Bavaria, geographical distances (Groetschel,Juenger,Reinelt)",15,5,27,115
bayg29,TSPLIB,"29 Cities in Bavaria, geographical distances (Groetschel,Juenger,Reinelt)",15,5,28,160
bayg29,TSPLIB,"29 Cities in Bavaria, geographical distances (Groetschel,Juenger,Reinelt)",15,5,0,225
bayg29,TSPLIB,"29 Cities in Bavaria, geographical distances (Groetschel,Juenger,Reinelt)",15,5,1,176
bayg29,TSPLIB,"29 Cities in Bavaria, geographical distances (Groetschel,Juenger,Reinelt)",15,5,2,267
bayg29,TSPLIB,"29 Cities in Bavaria, geographical distances (Groetschel,Juenger,Reinelt)",15,5,3,86
bayg29,TSPLIB,"29 Cities in Bavaria, geographical distances (Groetschel,Juenger,Reinelt)",15,5,4,245
bayg29,TSPLIB,"29 Cities in Bavaria, geographical distances (Groetschel,Juenger,Reinelt)",15,5,5,266
bayg29,TSPLIB,"29 Cities in Bavaria, geographical distances (Groetschel,Juenger,Reinelt)",15,5,6,203
bayg29,TSPLIB,"29 Cities in Bavaria, geographical distances (Groetschel,Juenger,Reinelt)",15,5,7,242
bayg29,TSPLIB,"29 Cities in Bavaria, geographical distances (Groetschel,Juenger,Reinelt)",15,5,8,286
bayg29,TSPLIB,"29 Cities in Bavaria, geographical distances (Groetschel,Juenger,Reinelt)",15,5,9,117
bayg29,TSPLIB,"29 Cities in Bavaria, geographical distances (Groetschel,Juenger,Reinelt)",15,5,10,64
bayg29,TSPLIB,"29 Cities in Bavaria, geographical distances (Groetschel,Juenger,Reinelt)",15,5,11,311
bayg29,TSPLIB,"29 Cities in Bavaria, geographical distances (Groetschel,Juenger,Reinelt)",15,5,12,144
bayg29,TSPLIB,"29 Cities in Bavaria, geographical distances (Groetschel,Juenger,Reinelt)",15,5,14,61
bayg29,TSPLIB,"29 Cities in Bavaria, geographical distances (Groetschel,Juenger,Reinelt)",15,5,15,165
bayg29,TSPLIB,"29 Cities in Bavaria, geographical distances (Groetschel,Juenger,Reinelt)",15,5,16,51
bayg29,TSPLIB,"29 Cities in Bavaria, geographical distances (Groetschel,Juenger,Reinelt)",15,5,17,32
bayg29,TSPLIB,"29 Cities in Bavaria, geographical distances (Groetschel,Juenger,Reinelt)",15,5,18,105
bayg29,TSPLIB,"29 Cities in Bavaria, geographical distances (Groetschel,Juenger,Reinelt)",15,5,19,127
bayg29,TSPLIB,"29 Cities in Bavaria, geographical distances (Groetschel,Juenger,Reinelt)",15,5,20,201
bayg29,TSPLIB,"29 Cities in Bavaria, geographical distances (Groetschel,Juenger,Reinelt)",15,5,21,36
bayg29,TSPLIB,"29 Cities in Bavaria, geographical distances (Groetschel,Juenger,Reinelt)",15,5,22,254
bayg29,TSPLIB,"29 Cities in Bavaria, geographical distances (Groetschel,Juenger,Reinelt)",15,5,23,196
bayg29,TSPLIB,"29 Cities in Bavaria, geographical distances (Groetschel,Juenger,Reinelt)",15,5,24,136
bayg29,TSPLIB,"29 Cities in Bavaria, geographical distances (Groetschel,Juenger,Reinelt)",15,5,25,260
bayg29,TSPLIB,"29 Cities in Bavaria, geographical distances (Groetschel,Juenger,Reinelt)",15,5,26,212
bayg29,TSPLIB,"29 Cities in Bavaria, geographical distances (Groetschel,Juenger,Reinelt)",15,5,27,258
bayg29,TSPLIB,"29 Cities in Bavaria, geographical distances (Groetschel,Juenger,Reinelt)",15,5,28,234
bayg29,TSPLIB,"29 Cities in Bavaria, geographical distances (Groetschel,Juenger,Reinelt)",15,5,0,168
bayg29,TSPLIB,"29 Cities in Bavaria, geographical distances (Groetschel,Juenger,Reinelt)",15,5,1,137
bayg29,TSPLIB,"29 Cities in Bavaria, geographical distances (Groetschel,Juenger,Reinelt)",15,5,2,248
bayg29,TSPLIB,"29 Cities in Bavaria, geographical distances (Groetschel,Juenger,Reinelt)",15,5,3,34
bayg29,TSPLIB,"29 Cities in Bavaria, geographical distances (Groetschel,Juenger,Reinelt)",15,5,4,201
bayg29,TSPLIB,"29 Cities in Bavaria, geographical distances (Groetschel,Juenger,Reinelt)",15,5,5,214
bayg29,TSPLIB,"29 Cities in Bavaria, geographical distances (Groetschel,Juenger,Reinelt)",15,5,6,165
bayg29,TSPLIB,"29 Cities in Bavaria, geographical distances (Groetschel,Juenger,Reinelt)",15,5,7,182
bayg29,TSPLIB,"29 Cities in Bavaria, geographical distances (Groetschel,Juenger,Reinelt)",15,5,8,242
bayg29,TSPLIB,"29 Cities in Bavaria, geographical distances (Groetschel,Juenger,Reinelt)",15,5,9,72
bayg29,TSPLIB,"29 Cities in Bavaria, geographical distances (Groetschel,Juenger,Reinelt)",15,5,10,68
bayg29,TSPLIB,"29 Cities in Bavaria, geographical distances (Groetschel,Juenger,Reinelt)",15,5,11,258
bayg29,TSPLIB,"29 Cities in Bavaria, geographical distances (Groetschel,Juenger,Reinelt)",15,5,12,86
bayg29,TSPLIB,"29 Cities in Bavaria, geographical distances (Groetschel,Juenger,Reinelt)",15,5,13,61
bayg29,TSPLIB,"29 Cities in Bavaria, geographical distances (Groetschel,Juenger,Reinelt)",15,5,15,106
bayg29,TSPLIB,"29 Cities in Bavaria, geographical distances (Groetschel,Juenger,Reinelt)",15,5,16,110
bayg29,TSPLIB,"29 Cities in Bavaria, geographical distances (Groetschel,Juenger,Reinelt)",15,5,17,56
bayg29,TSPLIB,"29 Cities in Bavaria, geographical distances (Groetschel,Juenger,Reinelt)",15,5,18,49
bayg29,TSPLIB,"29 Cities in Bavaria, geographical distances (Groetschel,Juenger,Reinelt)",15,5,19,91
bayg29,TSPLIB,"29 Cities in Bavaria, geographical distances (Groetschel,Juenger,Reinelt)",15,5,20,153
bayg29,TSPLIB,"29 Cities in Bavaria, geographical distances (Groetschel,Juenger,Reinelt)",15,5,21,91
bayg29,TSPLIB,"29 Cities in Bavaria, geographical distances (Groetschel,Juenger,Reinelt)",15,5,22,197
bayg29,TSPLIB,"29 Cities in Bavaria, geographical distances (Groetschel,Juenger,Reinelt)",15,5,23,136
bayg29,TSPLIB,"29 Cities in Bavaria, geographical distances (Groetschel,Juenger,Reinelt)",15,5,24,94
bayg29,TSPLIB,"29 Cities in Bavaria, geographical distances (Groetschel,Juenger,Reinelt)",15,5,25,225
bayg29,TSPLIB,"29 Cities in Bavaria, geographical distances (Groetschel,Juenger,Reinelt)",15,5,26,151
bayg29,TSPLIB,"29 Cities in Bavaria, geographical distances (Groetschel,Juenger,Reinelt)",15,5,27,201
bayg29,TSPLIB,"29 Cities in Bavaria, geographical distances (Groetschel,Juenger,Reinelt)",15,5,28,205
bayg29,TSPLIB,"29 Cities in Bavaria, geographical distances (Groetschel,Juenger,Reinelt)",15,5,0,103
bayg29,TSPLIB,"29 Cities in Bavaria, geographical distances (Groetschel,Juenger,Reinelt)",15,5,1,142
bayg29,TSPLIB,"29 Cities in Bavaria, geographical distances (Groetschel,Juenger,Reinelt)",15,5,2,271
bayg29,TSPLIB,"29 Cities in Bavaria, geographical distances (Groetschel,Juenger,Reinelt)",15,5,3,96
bayg29,TSPLIB,"29 Cities in Bavaria, geographical distances (Groetschel,Juenger,Reinelt)",15,5,4,175
bayg29,TSPLIB,"29 Cities in Bavaria, geographical distances (Groetschel,Juenger,Reinelt)",15,5,5,162
bayg29,TSPLIB,"29 Cities in Bavaria, geographical distances (Groetschel,Juenger,Reinelt)",15,5,6,121
bayg29,TSPLIB,"29 Cities in Bavaria, geographical distances (Groetschel,Juenger,Reinelt)",15,5,7,84
bayg29,TSPLIB,"29 Cities in Bavaria, geographical distances (Groetschel,Juenger,Reinelt)",15,5,8,208
bayg29,TSPLIB,"29 Cities in Bavaria, geographical distances (Groetschel,Juenger,Reinelt)",15,5,9,104
bayg29,TSPLIB,"29 Cities in Bavaria, geographical distances (Groetschel,Juenger,Reinelt)",15,5,10,143
bayg29,TSPLIB,"29 Cities in Bavaria, geographical distances (Groetschel,Juenger,Reinelt)",15,5,11,196
bayg29,TSPLIB,"29 Cities in Bavaria, geographical distances (Groetschel,Juenger,Reinelt)",15,5,12,57
bayg29,TSPLIB,"29 Cities in Bavaria, geographical distances (Groetschel,Juenger,Reinelt)",15,5,13,165
bayg29,TSPLIB,"29 Cities in Bavaria, geographical distances (Groetschel,Juenger,Reinelt)",15,5,14,106
bayg29,TSPLIB,"29 Cities in Bavaria, geographical distances (Groetschel,Juenger,Reinelt)",15,5,16,215
bayg29,TSPLIB,"29 Cities in Bavaria, geographical distances (Groetschel,Juenger,Reinelt)",15,5,17,159
bayg29,TSPLIB,"29 Cities in Bavaria, geographical distances (Groetschel,Juenger,Reinelt)",15,5,18,64
bayg29,TSPLIB,"29 Cities in Bavaria, geographical distances (Groetschel,Juenger,Reinelt)",15,5,19,126
bayg29,TSPLIB,"29 Cities in Bavaria, geographical distances (Groetschel,Juenger,Reinelt)",15,5,20,128
bayg29,TSPLIB,"29 Cities in Bavaria, geographical distances (Groetschel,Juenger,Reinelt)",15,5,21,190
bayg29,TSPLIB,"29 Cities in Bavaria, geographical distances (Groetschel,Juenger,Reinelt)",15,5,22,98
bayg29,TSPLIB,"29 Cities in Bavaria, geographical distances (Groetschel,Juenger,Reinelt)",15,5,23,53
bayg29,TSPLIB,"29 Cities in Bavaria, geographical distances (Groetschel,Juenger,Reinelt)",15,5,24,78
bayg29,TSPLIB,"29 Cities in Bavaria, geographical distances (Groetschel,Juenger,Reinelt)",15,5,25,218
bayg29,TSPLIB,"29 Cities in Bavaria, geographical distances (Groetschel,Juenger,Reinelt)",15,5,26,48
bayg29,TSPLIB,"29 Cities in Bavaria, geographical distances (Groetschel,Juenger,Reinelt)",15,5,27,127
bayg29,TSPLIB,"29 Cities in Bavaria, geographical distances (Groetschel,Juenger,Reinelt)",15,5,28,214
bayg29,TSPLIB,"29 Cities in Bavaria, geographical distances (Groetschel,Juenger,Reinelt)",15,5,0,266
bayg29,TSPLIB,"29 Cities in Bavaria, geographical distances (Groetschel,Juenger,Reinelt)",15,5,1,204
bayg29,TSPLIB,"29 Cities in Bavaria, geographical distances (Groetschel,Juenger,Reinelt)",15,5,2,274
bayg29,TSPLIB,"29 Cities in Bavaria, geographical distances (Groetschel,Juenger,Reinelt)",15,5,3,129
bayg29,TSPLIB,"29 Cities in Bavaria, geographical distances (Groetschel,Juenger,Reinelt)",15,5,4,275
bayg29,TSPLIB,"29 Cities in Bavaria, geographical distances (Groetschel,Juenger,Reinelt)",15,5,5,302
bayg29,TSPLIB,"29 Cities in Bavaria, geographical distances (Groetschel,Juenger,Reinelt)",15,5,6,251
bayg29,TSPLIB,"29 Cities in Bavaria, geographical distances (Groetschel,Juenger,Reinelt)",15,5,7,290
bayg29,TSPLIB,"29 Cities in Bavaria, geographical distances (Groetschel,Juenger,Reinelt)",15,5,8,315
bayg29,TSPLIB,"29 Cities in Bavaria, geographical distances (Groetschel,Juenger,Reinelt)",15,5,9,153
bayg29,TSPLIB,"29 Cities in Bavaria, geographical distances (Groetschel,Juenger,Reinelt)",15,5,10,106
bayg29,TSPLIB,"29 Cities in Bavaria, geographical distances (Groetschel,Juenger,Reinelt)",15,5,11,347
bayg29,TSPLIB,"29 Cities in Bavaria, geographical distances (Groetschel,Juenger,Reinelt)",15,5,12,189
bayg29,TSPLIB,"29 Cities in Bavaria, geographical distances (Groetschel,Juenger,Reinelt)",15,5,13,51
bayg29,TSPLIB,"29 Cities in Bavaria, geographical distances (Groetschel,Juenger,Reinelt)",15,5,14,110
bayg29,TSPLIB,"29 Cities in Bavaria, geographical distances (Groetschel,Juenger,Reinelt)",15,5,15,215
bayg29,TSPLIB,"29 Cities in Bavaria, geographical distances (Groetschel,Juenger,Reinelt)",15,5,17,61
bayg29,TSPLIB,"29 Cities in Bavaria, geographical distances (Groetschel,Juenger,Reinelt)",15,5,18,155
bayg29,TSPLIB,"29 Cities in Bavaria, geographical distances (Groetschel,Juenger,Reinelt)",15,5,19,157
bayg29,TSPLIB,"29 Cities in Bavaria, geographical distances (Groetschel,Juenger,Reinelt)",15,5,20,235
bayg29,TSPLIB,"29 Cities in Bavaria, geographical distances (Groetschel,Juenger,Reinelt)",15,5,21,47
bayg29,TSPLIB,"29 Cities in Bavaria, geographical distances (Groetschel,Juenger,Reinelt)",15,5,22,305
bayg29,TSPLIB,"29 Cities in Bavaria, geographical distances (Groetschel,Juenger,Reinelt)",15,5,23,243
bayg29,TSPLIB,"29 Cities in Bavaria, geographical distances (Groetschel,Juenger,Reinelt)",15,5,24,186
bayg29,TSPLIB,"29 Cities in Bavaria, geographical distances (Groetschel,Juenger,Reinelt)",15,5,25,282
bayg29,TSPLIB,"29 Cities in Bavaria, geographical distances (Groetschel,Juenger,Reinelt)",15,5,26,261
bayg29,TSPLIB,"29 Cities in Bavaria, geographical distances (Groetschel,Juenger,Reinelt)",15,5,27,300
bayg29,TSPLIB,"29 Cities in Bavaria, geographical distances (Groetschel,Juenger,Reinelt)",15,5,28,252
bayg29,TSPLIB,"29 Cities in Bavaria, geographical distances (Groetschel,Juenger,Reinelt)",15,5,0,205
bayg29,TSPLIB,"29 Cities in Bavaria, geographical distances (Groetschel,Juenger,Reinelt)",15,5,1,148
bayg29,TSPLIB,"29 Cities in Bavaria, geographical distances (Groetschel,Juenger,Reinelt)",15,5,2,236
bayg29,TSPLIB,"29 Cities in Bavaria, geographical distances (Groetschel,Juenger,Reinelt)",15,5,3,69
bayg29,TSPLIB,"29 Cities in Bavaria, geographical distances (Groetschel,Juenger,Reinelt)",15,5,4,218
bayg29,TSPLIB,"29 Cities in Bavaria, geographical distances (Groetschel,Juenger,Reinelt)",15,5,5,242
bayg29,TSPLIB,"29 Cities in Bavaria, geographical distances (Groetschel,Juenger,Reinelt)",15,5,6,216
bayg29,TSPLIB,"29 Cities in Bavaria, geographical distances (Groetschel,Juenger,Reinelt)",15,5,7,230
bayg29,TSPLIB,"29 Cities in Bavaria, geographical distances (Groetschel,Juenger,Reinelt)",15,5,8,259
bayg29,TSPLIB,"29 Cities in Bavaria, geographical distances (Groetschel,Juenger,Reinelt)",15,5,9,93
bayg29,TSPLIB,"29 Cities in Bavaria, geographical distances (Groetschel,Juenger,Reinelt)",15,5,10,88
bayg29,TSPLIB,"29 Cities in Bavaria, geographical distances (Groetschel,Juenger,Reinelt)",15,5,11,288
bayg29,TSPLIB,"29 Cities in Bavaria, geographical distances (Groetschel,Juenger,Reinelt)",15,5,12,128
bayg29,TSPLIB,"29 Cities in Bavaria, geographical distances (Groetschel,Juenger,Reinelt)",15,5,13,32
bayg29,TSPLIB,"29 Cities in Bavaria, geographical distances (Groetschel,Juenger,Reinelt)",15,5,14,56
bayg29,TSPLIB,"29 Cities in Bavaria, geographical distances (Groetschel,Juenger,Reinelt)",15,5,15,159
bayg29,TSPLIB,"29 Cities in Bavaria, geographical distances (Groetschel,Juenger,Reinelt)",15,5,16,61
bayg29,TSPLIB,"29 Cities in Bavaria, geographical distances (Groetschel,Juenger,Reinelt)",15,5,18,105
bayg29,TSPLIB,"29 Cities in Bavaria, geographical distances (Groetschel,Juenger,Reinelt)",15,5,19,100
bayg29,TSPLIB,"29 Cities in Bavaria, geographical distances (Groetschel,Juenger,Reinelt)",15,5,20,176
bayg29,TSPLIB,"29 Cities in Bavaria, geographical distances (Groetschel,Juenger,Reinelt)",15,5,21,66
bayg29,TSPLIB,"29 Cities in Bavaria, geographical distances (Groetschel,Juenger,Reinelt)",15,5,22,253
bayg29,TSPLIB,"29 Cities in Bavaria, geographical distances (Groetschel,Juenger,Reinelt)",15,5,23,183
bayg29,TSPLIB,"29 Cities in Bavaria, geographical distances (Groetschel,Juenger,Reinelt)",15,5,24,146
bayg29,TSPLIB,"29 Cities in Bavaria, geographical distances (Groetschel,Juenger,Reinelt)",15,5,25,231
bayg29,TSPLIB,"29 Cities in Bavaria, geographical distances (Groetschel,Juenger,Reinelt)",15,5,26,203
bayg29,TSPLIB,"29 Cities in Bavaria, geographical distances (Groetschel,Juenger,Reinelt)",15,5,27,239
bayg29,TSPLIB,"29 Cities in Bavaria, geographical distances (Groetschel,Juenger,Reinelt)",15,5,28,204
bayg29,TSPLIB,"29 Cities in Bavaria, geographical distances (Groetschel,Juenger,Reinelt)",15,5,0,149
bayg29,TSPLIB,"29 Cities in Bavaria, geographical distances (Groetschel,Juenger,Reinelt)",15,5,1,148
bayg29,TSPLIB,"29 Cities in Bavaria, geographical distances (Groetschel,Juenger,Reinelt)",15,5,2,272
bayg29,TSPLIB,"29 Cities in Bavaria, geographical distances (Groetschel,Juenger,Reinelt)",15,5,3,58
bayg29,TSPLIB,"29 Cities in Bavaria, geographical distances (Groetschel,Juenger,Reinelt)",15,5,4,202
bayg29,TSPLIB,"29 Cities in Bavaria, geographical distances (Groetschel,Juenger,Reinelt)",15,5,5,203
bayg29,TSPLIB,"29 Cities in Bavaria, geographical distances (Groetschel,Juenger,Reinelt)",15,5,6,122
bayg29,TSPLIB,"29 Cities in Bavaria, geographical distances (Groetschel,Juenger,Reinelt)",15,5,7,146
bayg29,TSPLIB,"29 Cities in Bavaria, geographical distances (Groetschel,Juenger,Reinelt)",15,5,8,240
bayg29,TSPLIB,"29 Cities in Bavaria, geographical distances (Groetschel,Juenger,Reinelt)",15,5,9,88
bayg29,TSPLIB,"29 Cities in Bavaria, geographical distances (Groetschel,Juenger,Reinelt)",15,5,10,81
bayg29,TSPLIB,"29 Cities in Bavaria, geographical distances (Groetschel,Juenger,Reinelt)",15,5,11,243
bayg29,TSPLIB,"29 Cities in Bavaria, geographical distances (Groetschel,Juenger,Reinelt)",15,5,12,71
bayg29,TSPLIB,"29 Cities in Bavaria, geographical distances (Groetschel,Juenger,Reinelt)",15,5,13,105
bayg29,TSPLIB,"29 Cities in Bavaria, geographical distances (Groetschel,Juenger,Reinelt)",15,5,14,49
bayg29,TSPLIB,"29 Cities in Bavaria, geographical distances (Groetschel,Juenger,Reinelt)",15,5,15,64
bayg29,TSPLIB,"29 Cities in Bavaria, geographical distances (Groetschel,Juenger,Reinelt)",15,5,16,155
bayg29,TSPLIB,"29 Cities in Bavaria, geographical distances (Groetschel,Juenger,Reinelt)",15,5,17,105
bayg29,TSPLIB,"29 Cities in Bavaria, geographical distances (Groetschel,Juenger,Reinelt)",15,5,19,113
bayg29,TSPLIB,"29 Cities in Bavaria, geographical distances (Groetschel,Juenger,Reinelt)",15,5,20,152
bayg29,TSPLIB,"29 Cities in Bavaria, geographical distances (Groetschel,Juenger,Reinelt)",15,5,21,127
bayg29,TSPLIB,"29 Cities in Bavaria, geographical distances (Groetschel,Juenger,Reinelt)",15,5,22,150
bayg29,TSPLIB,"29 Cities in Bavaria, geographical distances (Groetschel,Juenger,Reinelt)",15,5,23,106
bayg29,TSPLIB,"29 Cities in Bavaria, geographical distances (Groetschel,Juenger,Reinelt)",15,5,24,52
bayg29,TSPLIB,"29 Cities in Bavaria, geographical distances (Groetschel,Juenger,Reinelt)",15,5,25,235
bayg29,TSPLIB,"29 Cities in Bavaria, geographical distances (Groetschel,Juenger,Reinelt)",15,5,26,112
bayg29,TSPLIB,"29 Cities in Bavaria, geographical distances (Groetschel,Juenger,Reinelt)",15,5,27,179
bayg29,TSPLIB,"29 Cities in Bavaria, geographical distances (Groetschel,Juenger,Reinelt)",15,5,28,221
bayg29,TSPLIB,"29 Cities in Bavaria, geographical distances (Groetschel,Juenger,Reinelt)",15,5,0,120
bayg29,TSPLIB,"29 Cities in Bavaria, geographical distances (Groetschel,Juenger,Reinelt)",15,5,1,49
bayg29,TSPLIB,"29 Cities in Bavaria, geographical distances (Groetschel,Juenger,Reinelt)",15,5,2,160
bayg29,TSPLIB,"29 Cities in Bavaria, geographical distances (Groetschel,Juenger,Reinelt)",15,5,3,60
bayg29,TSPLIB,"29 Cities in Bavaria, geographical distances (Groetschel,Juenger,Reinelt)",15,5,4,119
bayg29,TSPLIB,"29 Cities in Bavaria, geographical distances (Groetschel,Juenger,Reinelt)",15,5,5,146
bayg29,TSPLIB,"29 Cities in Bavaria, geographical distances (Groetschel,Juenger,Reinelt)",15,5,6,231
bayg29,TSPLIB,"29 Cities in Bavaria, geographical distances (Groetschel,Juenger,Reinelt)",15,5,7,165
bayg29,TSPLIB,"29 Cities in Bavaria, geographical distances (Groetschel,Juenger,Reinelt)",15,5,8,160
bayg29,TSPLIB,"29 Cities in Bavaria, geographical distances (Groetschel,Juenger,Reinelt)",15,5,9,25
bayg29,TSPLIB,"29 Cities in Bavaria, geographical distances (Groetschel,Juenger,Reinelt)",15,5,10,159
bayg29,TSPLIB,"29 Cities in Bavaria, geographical distances (Groetschel,Juenger,Reinelt)",15,5,11,192
bayg29,TSPLIB,"29 Cities in Bavaria, geographical distances (Groetschel,Juenger,Reinelt)",15,5,12,71
bayg29,TSPLIB,"29 Cities in Bavaria, geographical distances (Groetschel,Juenger,Reinelt)",15,5,13,127
bayg29,TSPLIB,"29 Cities in Bavaria, geographical distances (Groetschel,Juenger,Reinelt)",15,5,14,91
bayg29,TSPLIB,"29 Cities in Bavaria, geographical distances (Groetschel,Juenger,Reinelt)",15,5,15,126
bayg29,TSPLIB,"29 Cities in Bavaria, geographical distances (Groetschel,Juenger,Reinelt)",15,5,16,157
bayg29,TSPLIB,"29 Cities in Bavaria, geographical distances (Groetschel,Juenger,Reinelt)",15,5,17,100
bayg29,TSPLIB,"29 Cities in Bavaria, geographical distances (Groetschel,Juenger,Reinelt)",15,5,18,113
bayg29,TSPLIB,"29 Cities in Bavaria, geographical distances (Groetschel,Juenger,Reinelt)",15,5,20,79
bayg29,TSPLIB,"29 Cities in Bavaria, geographical distances (Groetschel,Juenger,Reinelt)",15,5,21,163
bayg29,TSPLIB,"29 Cities in Bavaria, geographical distances (Groetschel,Juenger,Reinelt)",15,5,22,220
bayg29,TSPLIB,"29 Cities in Bavaria, geographical distances (Groetschel,Juenger,Reinelt)",15,5,23,119
bayg29,TSPLIB,"29 Cities in Bavaria, geographical distances (Groetschel,Juenger,Reinelt)",15,5,24,164
bayg29,TSPLIB,"29 Cities in Bavaria, geographical distances (Groetschel,Juenger,Reinelt)",15,5,25,135
bayg29,TSPLIB,"29 Cities in Bavaria, geographical distances (Groetschel,Juenger,Reinelt)",15,5,26,152
bayg29,TSPLIB,"29 Cities in Bavaria, geographical distances (Groetschel,Juenger,Reinelt)",15,5,27,153
bayg29,TSPLIB,"29 Cities in Bavaria, geographical distances (Groetschel,Juenger,Reinelt)",15,5,28,114
bayg29,TSPLIB,"29 Cities in Bavaria, geographical distances (Groetschel,Juenger,Reinelt)",15,5,0,58
bayg29,TSPLIB,"29 Cities in Bavaria, geographical distances (Groetschel,Juenger,Reinelt)",15,5,1,41
bayg29,TSPLIB,"29 Cities in Bavaria, geographical distances (Groetschel,Juenger,Reinelt)",15,5,2,151
bayg29,TSPLIB,"29 Cities in Bavaria, geographical distances (Groetschel,Juenger,Reinelt)",15,5,3,120
bayg29,TSPLIB,"29 Cities in Bavaria, geographical distances (Groetschel,Juenger,Reinelt)",15,5,4,50
bayg29,TSPLIB,"29 Cities in Bavaria, geographical distances (Groetschel,Juenger,Reinelt)",15,5,5,67
bayg29,TSPLIB,"29 Cities in Bavaria, geographical distances (Groetschel,Juenger,Reinelt)",15,5,6,249
bayg29,TSPLIB,"29 Cities in Bavaria, geographical distances (Groetschel,Juenger,Reinelt)",15,5,7,121
bayg29,TSPLIB,"29 Cities in Bavaria, geographical distances (Groetschel,Juenger,Reinelt)",15,5,8,90
bayg29,TSPLIB,"29 Cities in Bavaria, geographical distances (Groetschel,Juenger,Reinelt)",15,5,9,85
bayg29,TSPLIB,"29 Cities in Bavaria, geographical distances (Groetschel,Juenger,Reinelt)",15,5,10,219
bayg29,TSPLIB,"29 Cities in Bavaria, geographical distances (Groetschel,Juenger,Reinelt)",15,5,11,113
bayg29,TSPLIB,"29 Cities in Bavaria, geographical distances (Groetschel,Juenger,Reinelt)",15,5,12,82
bayg29,TSPLIB,"29 Cities in Bavaria, geographical distances (Groetschel,Juenger,Reinelt)",15,5,13,201
bayg29,TSPLIB,"29 Cities in Bavaria, geographical distances (Groetschel,Juenger,Reinelt)",15,5,14,153
bayg29,TSPLIB,"29 Cities in Bavaria, geographical distances (Groetschel,Juenger,Reinelt)",15,5,15,128
bayg29,TSPLIB,"29 Cities in Bavaria, geographical distances (Groetschel,Juenger,Reinelt)",15,5,16,235
bayg29,TSPLIB,"29 Cities in Bavaria, geographical distances (Groetschel,Juenger,Reinelt)",15,5,17,176
bayg29,TSPLIB,"29 Cities in Bavaria, geographical distances (Groetschel,Juenger,Reinelt)",15,5,18,152
bayg29,TSPLIB,"29 Cities in Bavaria, geographical distances (Groetschel,Juenger,Reinelt)",15,5,19,79
bayg29,TSPLIB,"29 Cities in Bavaria, geographical distances (Groetschel,Juenger,Reinelt)",15,5,21,236
bayg29,TSPLIB,"29 Cities in Bavaria, geographical distances (Groetschel,Juenger,Reinelt)",15,5,22,201
bayg29,TSPLIB,"29 Cities in Bavaria, geographical distances (Groetschel,Juenger,Reinelt)",15,5,23,90
bayg29,TSPLIB,"29 Cities in Bavaria, geographical distances (Groetschel,Juenger,Reinelt)",15,5,24,195
bayg29,TSPLIB,"29 Cities in Bavaria, geographical distances (Groetschel,Juenger,Reinelt)",15,5,25,90
bayg29,TSPLIB,"29 Cities in Bavaria, geographical distances (Groetschel,Juenger,Reinelt)",15,5,26,127
bayg29,TSPLIB,"29 Cities in Bavaria, geographical distances (Groetschel,Juenger,Reinelt)",15,5,27,84
bayg29,TSPLIB,"29 Cities in Bavaria, geographical distances (Groetschel,Juenger,Reinelt)",15,5,28,91
bayg29,TSPLIB,"29 Cities in Bavaria, geographical distances (Groetschel,Juenger,Reinelt)",15,5,0,257
bayg29,TSPLIB,"29 Cities in Bavaria, geographical distances (Groetschel,Juenger,Reinelt)",15,5,1,211
bayg29,TSPLIB,"29 Cities in Bavaria, geographical distances (Groetschel,Juenger,Reinelt)",15,5,2,300
bayg29,TSPLIB,"29 Cities in Bavaria, geographical distances (Groetschel,Juenger,Reinelt)",15,5,3,119
bayg29,TSPLIB,"29 Cities in Bavaria, geographical distances (Groetschel,Juenger,Reinelt)",15,5,4,281
bayg29,TSPLIB,"29 Cities in Bavaria, geographical distances (Groetschel,Juenger,Reinelt)",15,5,5,300
bayg29,TSPLIB,"29 Cities in Bavaria, geographical distances (Groetschel,Juenger,Reinelt)",15,5,6,209
bayg29,TSPLIB,"29 Cities in Bavaria, geographical distances (Groetschel,Juenger,Reinelt)",15,5,7,270
bayg29,TSPLIB,"29 Cities in Bavaria, geographical distances (Groetschel,Juenger,Reinelt)",15,5,8,322
bayg29,TSPLIB,"29 Cities in Bavaria, geographical distances (Groetschel,Juenger,Reinelt)",15,5,9,152
bayg29,TSPLIB,"29 Cities in Bavaria, geographical distances (Groetschel,Juenger,Reinelt)",15,5,10,63
bayg29,TSPLIB,"29 Cities in Bavaria, geographical distances (Groetschel,Juenger,Reinelt)",15,5,11,345
bayg29,TSPLIB,"29 Cities in Bavaria, geographical distances (Groetschel,Juenger,Reinelt)",15,5,12,176
bayg29,TSPLIB,"29 Cities in Bavaria, geographical distances (Groetschel,Juenger,Reinelt)",15,5,13,36
bayg29,TSPLIB,"29 Cities in Bavaria, geographical distances (Groetschel,Juenger,Reinelt)",15,5,14,91
bayg29,TSPLIB,"29 Cities in Bavaria, geographical distances (Groetschel,Juenger,Reinelt)",15,5,15,190
bayg29,TSPLIB,"29 Cities in Bavaria, geographical distances (Groetschel,Juenger,Reinelt)",15,5,16,47
bayg29,TSPLIB,"29 Cities in Bavaria, geographical distances (Groetschel,Juenger,Reinelt)",15,5,17,66
bayg29,TSPLIB,"29 Cities in Bavaria, geographical distances (Groetschel,Juenger,Reinelt)",15,5,18,127
bayg29,TSPLIB,"29 Cities in Bavaria, geographical distances (Groetschel,Juenger,Reinelt)",15,5,19,163
bayg29,TSPLIB,"29 Cities in Bavaria, geographical distances (Groetschel,Juenger,Reinelt)",15,5,20,236
bayg29,TSPLIB,"29 Cities in Bavaria, geographical distances (Groetschel,Juenger,Reinelt)",15,5,22,273
bayg29,TSPLIB,"29 Cities in Bavaria, geographical distances (Groetschel,Juenger,Reinelt)",15,5,23,226
bayg29,TSPLIB,"29 Cities in Bavaria, geographical distances (Groetschel,Juenger,Reinelt)",15,5,24,148
bayg29,TSPLIB,"29 Cities in Bavaria, geographical distances (Groetschel,Juenger,Reinelt)",15,5,25,296
bayg29,TSPLIB,"29 Cities in Bavaria, geographical distances (Groetschel,Juenger,Reinelt)",15,5,26,238
bayg29,TSPLIB,"29 Cities in Bavaria, geographical distances (Groetschel,Juenger,Reinelt)",15,5,27,291
bayg29,TSPLIB,"29 Cities in Bavaria, geographical distances (Groetschel,Juenger,Reinelt)",15,5,28,269
bayg29,TSPLIB,"29 Cities in Bavaria, geographical distances (Groetschel,Juenger,Reinelt)",15,5,0,152
bayg29,TSPLIB,"29 Cities in Bavaria, geographical distances (Groetschel,Juenger,Reinelt)",15,5,1,226
bayg29,TSPLIB,"29 Cities in Bavaria, geographical distances (Groetschel,Juenger,Reinelt)",15,5,2,350
bayg29,TSPLIB,"29 Cities in Bavaria, geographical distances (Groetschel,Juenger,Reinelt)",15,5,3,192
bayg29,TSPLIB,"29 Cities in Bavaria, geographical distances (Groetschel,Juenger,Reinelt)",15,5,4,238
bayg29,TSPLIB,"29 Cities in Bavaria, geographical distances (Groetschel,Juenger,Reinelt)",15,5,5,205
bayg29,TSPLIB,"29 Cities in Bavaria, geographical distances (Groetschel,Juenger,Reinelt)",15,5,6,111
bayg29,TSPLIB,"29 Cities in Bavaria, geographical distances (Groetschel,Juenger,Reinelt)",15,5,7,91
bayg29,TSPLIB,"29 Cities in Bavaria, geographical distances (Groetschel,Juenger,Reinelt)",15,5,8,260
bayg29,TSPLIB,"29 Cities in Bavaria, geographical distances (Groetschel,Juenger,Reinelt)",15,5,9,200
bayg29,TSPLIB,"29 Cities in Bavaria, geographical distances (Groetschel,Juenger,Reinelt)",15,5,10,216
bayg29,TSPLIB,"29 Cities in Bavaria, geographical distances (Groetschel,Juenger,Reinelt)",15,5,11,222
bayg29,TSPLIB,"29 Cities in Bavaria, geographical distances (Groetschel,Juenger,Reinelt)",15,5,12,150
bayg29,TSPLIB,"29 Cities in Bavaria, geographical distances (Groetschel,Juenger,Reinelt)",15,5,13,254
bayg29,TSPLIB,"29 Cities in Bavaria, geographical distances (Groetschel,Juenger,Reinelt)",15,5,14,197
bayg29,TSPLIB,"29 Cities in Bavaria, geographical distances (Groetschel,Juenger,Reinelt)",15,5,15,98
bayg29,TSPLIB,"29 Cities in Bavaria, geographical distances (Groetschel,Juenger,Reinelt)",15,5,16,305
bayg29,TSPLIB,"29 Cities in Bavaria, geographical distances (Groetschel,Juenger,Reinelt)",15,5,17,253
bayg29,TSPLIB,"29 Cities in Bavaria, geographical distances (Groetschel,Juenger,Reinelt)",15,5,18,150
bayg29,TSPLIB,"29 Cities in Bavaria, geographical distances (Groetschel,Juenger,Reinelt)",15,5,19,220
bayg29,TSPLIB,"29 Cities in Bavaria, geographical distances (Groetschel,Juenger,Reinelt)",15,5,20,201
bayg29,TSPLIB,"29 Cities in Bavaria, geographical distances (Groetschel,Juenger,Reinelt)",15,5,21,273
bayg29,TSPLIB,"29 Cities in Bavaria, geographical distances (Groetschel,Juenger,Reinelt)",15,5,23,112
bayg29,TSPLIB,"29 Cities in Bavaria, geographical distances (Groetschel,Juenger,Reinelt)",15,5,24,130
bayg29,TSPLIB,"29 Cities in Bavaria, geographical distances (Groetschel,Juenger,Reinelt)",15,5,25,286
bayg29,TSPLIB,"29 Cities in Bavaria, geographical distances (Groetschel,Juenger,Reinelt)",15,5,26,74
bayg29,TSPLIB,"29 Cities in Bavaria, geographical distances (Groetschel,Juenger,Reinelt)",15,5,27,155
bayg29,TSPLIB,"29 Cities in Bavaria, geographical distances (Groetschel,Juenger,Reinelt)",15,5,28,291
bayg29,TSPLIB,"29 Cities in Bavaria, geographical distances (Groetschel,Juenger,Reinelt)",15,5,0,52
bayg29,TSPLIB,"29 Cities in Bavaria, geographical distances (Groetschel,Juenger,Reinelt)",15,5,1,116
bayg29,TSPLIB,"29 Cities in Bavaria, geographical distances (Groetschel,Juenger,Reinelt)",15,5,2,239
bayg29,TSPLIB,"29 Cities in Bavaria, geographical distances (Groetschel,Juenger,Reinelt)",15,5,3,114
bayg29,TSPLIB,"29 Cities in Bavaria, geographical distances (Groetschel,Juenger,Reinelt)",15,5,4,131
bayg29,TSPLIB,"29 Cities in Bavaria, geographical distances (Groetschel,Juenger,Reinelt)",15,5,5,111
bayg29,TSPLIB,"29 Cities in Bavaria, geographical distances (Groetschel,Juenger,Reinelt)",15,5,6,169
bayg29,TSPLIB,"29 Cities in Bavaria, geographical distances (Groetschel,Juenger,Reinelt)",15,5,7,48
bayg29,TSPLIB,"29 Cities in Bavaria, geographical distances (Groetschel,Juenger,Reinelt)",15,5,8,160
bayg29,TSPLIB,"29 Cities in Bavaria, geographical distances (Groetschel,Juenger,Reinelt)",15,5,9,104
bayg29,TSPLIB,"29 Cities in Bavaria, geographical distances (Groetschel,Juenger,Reinelt)",15,5,10,187
bayg29,TSPLIB,"29 Cities in Bavaria, geographical distances (Groetschel,Juenger,Reinelt)",15,5,11,144
bayg29,TSPLIB,"29 Cities in Bavaria, geographical distances (Groetschel,Juenger,Reinelt)",15,5,12,56
bayg29,TSPLIB,"29 Cities in Bavaria, geographical distances (Groetschel,Juenger,Reinelt)",15,5,13,196
bayg29,TSPLIB,"29 Cities in Bavaria, geographical distances (Groetschel,Juenger,Reinelt)",15,5,14,136
bayg29,TSPLIB,"29 Cities in Bavaria, geographical distances (Groetschel,Juenger,Reinelt)",15,5,15,53
bayg29,TSPLIB,"29 Cities in Bavaria, geographical distances (Groetschel,Juenger,Reinelt)",15,5,16,243
bayg29,TSPLIB,"29 Cities in Bavaria, geographical distances (Groetschel,Juenger,Reinelt)",15,5,17,183
bayg29,TSPLIB,"29 Cities in Bavaria, geographical distances (Groetschel,Juenger,Reinelt)",15,5,18,106
bayg29,TSPLIB,"29 Cities in Bavaria, geographical distances (Groetschel,Juenger,Reinelt)",15,5,19,119
bayg29,TSPLIB,"29 Cities in Bavaria, geographical distances (Groetschel,Juenger,Reinelt)",15,5,20,90
bayg29,TSPLIB,"29 Cities in Bavaria, geographical distances (Groetschel,Juenger,Reinelt)",15,5,21,226
bayg29,TSPLIB,"29 Cities in Bavaria, geographical distances (Groetschel,Juenger,Reinelt)",15,5,22,112
bayg29,TSPLIB,"29 Cities in Bavaria, geographical distances (Groetschel,Juenger,Reinelt)",15,5,24,130
bayg29,TSPLIB,"29 Cities in Bavaria, geographical distances (Groetschel,Juenger,Reinelt)",15,5,25,178
bayg29,TSPLIB,"29 Cities in Bavaria, geographical distances (Groetschel,Juenger,Reinelt)",15,5,26,38
bayg29,TSPLIB,"29 Cities in Bavaria, geographical distances (Groetschel,Juenger,Reinelt)",15,5,27,75
bayg29,TSPLIB,"29 Cities in Bavaria, geographical distances (Groetschel,Juenger,Reinelt)",15,5,28,180
bayg29,TSPLIB,"29 Cities in Bavaria, geographical distances (Groetschel,Juenger,Reinelt)",15,5,0,180
bayg29,TSPLIB,"29 Cities in Bavaria, geographical distances (Groetschel,Juenger,Reinelt)",15,5,1,197
bayg29,TSPLIB,"29 Cities in Bavaria, geographical distances (Groetschel,Juenger,Reinelt)",15,5,2,322
bayg29,TSPLIB,"29 Cities in Bavaria, geographical distances (Groetschel,Juenger,Reinelt)",15,5,3,110
bayg29,TSPLIB,"29 Cities in Bavaria, geographical distances (Groetschel,Juenger,Reinelt)",15,5,4,244
bayg29,TSPLIB,"29 Cities in Bavaria, geographical distances (Groetschel,Juenger,Reinelt)",15,5,5,238
bayg29,TSPLIB,"29 Cities in Bavaria, geographical distances (Groetschel,Juenger,Reinelt)",15,5,6,72
bayg29,TSPLIB,"29 Cities in Bavaria, geographical distances (Groetschel,Juenger,Reinelt)",15,5,7,158
bayg29,TSPLIB,"29 Cities in Bavaria, geographical distances (Groetschel,Juenger,Reinelt)",15,5,8,281
bayg29,TSPLIB,"29 Cities in Bavaria, geographical distances (Groetschel,Juenger,Reinelt)",15,5,9,139
bayg29,TSPLIB,"29 Cities in Bavaria, geographical distances (Groetschel,Juenger,Reinelt)",15,5,10,88
bayg29,TSPLIB,"29 Cities in Bavaria, geographical distances (Groetschel,Juenger,Reinelt)",15,5,11,274
bayg29,TSPLIB,"29 Cities in Bavaria, geographical distances (Groetschel,Juenger,Reinelt)",15,5,12,114
bayg29,TSPLIB,"29 Cities in Bavaria, geographical distances (Groetschel,Juenger,Reinelt)",15,5,13,136
bayg29,TSPLIB,"29 Cities in Bavaria, geographical distances (Groetschel,Juenger,Reinelt)",15,5,14,94
bayg29,TSPLIB,"29 Cities in Bavaria, geographical distances (Groetschel,Juenger,Reinelt)",15,5,15,78
bayg29,TSPLIB,"29 Cities in Bavaria, geographical distances (Groetschel,Juenger,Reinelt)",15,5,16,186
bayg29,TSPLIB,"29 Cities in Bavaria, geographical distances (Groetschel,Juenger,Reinelt)",15,5,17,146
bayg29,TSPLIB,"29 Cities in Bavaria, geographical distances (Groetschel,Juenger,Reinelt)",15,5,18,52
bayg29,TSPLIB,"29 Cities in Bavaria, geographical distances (Groetschel,Juenger,Reinelt)",15,5,19,164
bayg29,TSPLIB,"29 Cities in Bavaria, geographical distances (Groetschel,Juenger,Reinelt)",15,5,20,195
bayg29,TSPLIB,"29 Cities in Bavaria, geographical distances (Groetschel,Juenger,Reinelt)",15,5,21,148
bayg29,TSPLIB,"29 Cities in Bavaria, geographical distances (Groetschel,Juenger,Reinelt)",15,5,22,130
bayg29,TSPLIB,"29 Cities in Bavaria, geographical distances (Groetschel,Juenger,Reinelt)",15,5,23,130
bayg29,TSPLIB,"29 Cities in Bavaria, geographical distances (Groetschel,Juenger,Reinelt)",15,5,25,281
bayg29,TSPLIB,"29 Cities in Bavaria, geographical distances (Groetschel,Juenger,Reinelt)",15,5,26,120
bayg29,TSPLIB,"29 Cities in Bavaria, geographical distances (Groetschel,Juenger,Reinelt)",15,5,27,205
bayg29,TSPLIB,"29 Cities in Bavaria, geographical distances (Groetschel,Juenger,Reinelt)",15,5,28,270
bayg29,TSPLIB,"29 Cities in Bavaria, geographical distances (Groetschel,Juenger,Reinelt)",15,5,0,136
bayg29,TSPLIB,"29 Cities in Bavaria, geographical distances (Groetschel,Juenger,Reinelt)",15,5,1,89
bayg29,TSPLIB,"29 Cities in Bavaria, geographical distances (Groetschel,Juenger,Reinelt)",15,5,2,78
bayg29,TSPLIB,"29 Cities in Bavaria, geographical distances (Groetschel,Juenger,Reinelt)",15,5,3,192
bayg29,TSPLIB,"29 Cities in Bavaria, geographical distances (Groetschel,Juenger,Reinelt)",15,5,4,51
bayg29,TSPLIB,"29 Cities in Bavaria, geographical distances (Groetschel,Juenger,Reinelt)",15,5,5,98
bayg29,TSPLIB,"29 Cities in Bavaria, geographical distances (Groetschel,Juenger,Reinelt)",15,5,6,338
bayg29,TSPLIB,"29 Cities in Bavaria, geographical distances (Groetschel,Juenger,Reinelt)",15,5,7,200
bayg29,TSPLIB,"29 Cities in Bavaria, geographical distances (Groetschel,Juenger,Reinelt)",15,5,8,57
bayg29,TSPLIB,"29 Cities in Bavaria, geographical distances (Groetschel,Juenger,Reinelt)",15,5,9,154
bayg29,TSPLIB,"29 Cities in Bavaria, geographical distances (Groetschel,Juenger,Reinelt)",15,5,10,293
bayg29,TSPLIB,"29 Cities in Bavaria, geographical distances (Groetschel,Juenger,Reinelt)",15,5,11,124
bayg29,TSPLIB,"29 Cities in Bavaria, geographical distances (Groetschel,Juenger,Reinelt)",15,5,12,168
bayg29,TSPLIB,"29 Cities in Bavaria, geographical distances (Groetschel,Juenger,Reinelt)",15,5,13,260
bayg29,TSPLIB,"29 Cities in Bavaria, geographical distances (Groetschel,Juenger,Reinelt)",15,5,14,225
bayg29,TSPLIB,"29 Cities in Bavaria, geographical distances (Groetschel,Juenger,Reinelt)",15,5,15,218
bayg29,TSPLIB,"29 Cities in Bavaria, geographical distances (Groetschel,Juenger,Reinelt)",15,5,16,282
bayg29,TSPLIB,"29 Cities in Bavaria, geographical distances (Groetschel,Juenger,Reinelt)",15,5,17,231
bayg29,TSPLIB,"29 Cities in Bavaria, geographical distances (Groetschel,Juenger,Reinelt)",15,5,18,235
bayg29,TSPLIB,"29 Cities in Bavaria, geographical distances (Groetschel,Juenger,Reinelt)",15,5,19,135
bayg29,TSPLIB,"29 Cities in Bavaria, geographical distances (Groetschel,Juenger,Reinelt)",15,5,20,90
bayg29,TSPLIB,"29 Cities in Bavaria, geographical distances (Groetschel,Juenger,Reinelt)",15,5,21,296
bayg29,TSPLIB,"29 Cities in Bavaria, geographical distances (Groetschel,Juenger,Reinelt)",15,5,22,286
bayg29,TSPLIB,"29 Cities in Bavaria, geographical distances (Groetschel,Juenger,Reinelt)",15,5,23,178
bayg29,TSPLIB,"29 Cities in Bavaria, geographical distances (Groetschel,Juenger,Reinelt)",15,5,24,281
bayg29,TSPLIB,"29 Cities in Bavaria, geographical distances (Groetschel,Juenger,Reinelt)",15,5,26,213
bayg29,TSPLIB,"29 Cities in Bavaria, geographical distances (Groetschel,Juenger,Reinelt)",15,5,27,145
bayg29,TSPLIB,"29 Cities in Bavaria, geographical distances (Groetschel,Juenger,Reinelt)",15,5,28,36
bayg29,TSPLIB,"29 Cities in Bavaria, geographical distances (Groetschel,Juenger,Reinelt)",15,5,0,82
bayg29,TSPLIB,"29 Cities in Bavaria, geographical distances (Groetschel,Juenger,Reinelt)",15,5,1,153
bayg29,TSPLIB,"29 Cities in Bavaria, geographical distances (Groetschel,Juenger,Reinelt)",15,5,2,276
bayg29,TSPLIB,"29 Cities in Bavaria, geographical distances (Groetschel,Juenger,Reinelt)",15,5,3,136
bayg29,TSPLIB,"29 Cities in Bavaria, geographical distances (Groetschel,Juenger,Reinelt)",15,5,4,166
bayg29,TSPLIB,"29 Cities in Bavaria, geographical distances (Groetschel,Juenger,Reinelt)",15,5,5,139
bayg29,TSPLIB,"29 Cities in Bavaria, geographical distances (Groetschel,Juenger,Reinelt)",15,5,6,144
bayg29,TSPLIB,"29 Cities in Bavaria, geographical distances (Groetschel,Juenger,Reinelt)",15,5,7,39
bayg29,TSPLIB,"29 Cities in Bavaria, geographical distances (Groetschel,Juenger,Reinelt)",15,5,8,192
bayg29,TSPLIB,"29 Cities in Bavaria, geographical distances (Groetschel,Juenger,Reinelt)",15,5,9,134
bayg29,TSPLIB,"29 Cities in Bavaria, geographical distances (Groetschel,Juenger,Reinelt)",15,5,10,191
bayg29,TSPLIB,"29 Cities in Bavaria, geographical distances (Groetschel,Juenger,Reinelt)",15,5,11,165
bayg29,TSPLIB,"29 Cities in Bavaria, geographical distances (Groetschel,Juenger,Reinelt)",15,5,12,83
bayg29,TSPLIB,"29 Cities in Bavaria, geographical distances (Groetschel,Juenger,Reinelt)",15,5,13,212
bayg29,TSPLIB,"29 Cities in Bavaria, geographical distances (Groetschel,Juenger,Reinelt)",15,5,14,151
bayg29,TSPLIB,"29 Cities in Bavaria, geographical distances (Groetschel,Juenger,Reinelt)",15,5,15,48
bayg29,TSPLIB,"29 Cities in Bavaria, geographical distances (Groetschel,Juenger,Reinelt)",15,5,16,261
bayg29,TSPLIB,"29 Cities in Bavaria, geographical distances (Groetschel,Juenger,Reinelt)",15,5,17,203
bayg29,TSPLIB,"29 Cities in Bavaria, geographical distances (Groetschel,Juenger,Reinelt)",15,5,18,112
bayg29,TSPLIB,"29 Cities in Bavaria, geographical distances (Groetschel,Juenger,Reinelt)",15,5,19,152
bayg29,TSPLIB,"29 Cities in Bavaria, geographical distances (Groetschel,Juenger,Reinelt)",15,5,20,127
bayg29,TSPLIB,"29 Cities in Bavaria, geographical distances (Groetschel,Juenger,Reinelt)",15,5,21,238
bayg29,TSPLIB,"29 Cities in Bavaria, geographical distances (Groetschel,Juenger,Reinelt)",15,5,22,74
bayg29,TSPLIB,"29 Cities in Bavaria, geographical distances (Groetschel,Juenger,Reinelt)",15,5,23,38
bayg29,TSPLIB,"29 Cities in Bavaria, geographical distances (Groetschel,Juenger,Reinelt)",15,5,24,120
bayg29,TSPLIB,"29 Cities in Bavaria, geographical distances (Groetschel,Juenger,Reinelt)",15,5,25,213
bayg29,TSPLIB,"29 Cities in Bavaria, geographical distances (Groetschel,Juenger,Reinelt)",15,5,27,94
bayg29,TSPLIB,"29 Cities in Bavaria, geographical distances (Groetschel,Juenger,Reinelt)",15,5,28,217
bayg29,TSPLIB,"29 Cities in Bavaria, geographical distances (Groetschel,Juenger,Reinelt)",15,5,0,34
bayg29,TSPLIB,"29 Cities in Bavaria, geographical distances (Groetschel,Juenger,Reinelt)",15,5,1,124
bayg29,TSPLIB,"29 Cities in Bavaria, geographical distances (Groetschel,Juenger,Reinelt)",15,5,2,220
bayg29,TSPLIB,"29 Cities in Bavaria, geographical distances (Groetschel,Juenger,Reinelt)",15,5,3,173
bayg29,TSPLIB,"29 Cities in Bavaria, geographical distances (Groetschel,Juenger,Reinelt)",15,5,4,95
bayg29,TSPLIB,"29 Cities in Bavaria, geographical distances (Groetschel,Juenger,Reinelt)",15,5,5,52
bayg29,TSPLIB,"29 Cities in Bavaria, geographical distances (Groetschel,Juenger,Reinelt)",15,5,6,237
bayg29,TSPLIB,"29 Cities in Bavaria, geographical distances (Groetschel,Juenger,Reinelt)",15,5,7,64
bayg29,TSPLIB,"29 Cities in Bavaria, geographical distances (Groetschel,Juenger,Reinelt)",15,5,8,107
bayg29,TSPLIB,"29 Cities in Bavaria, geographical distances (Groetschel,Juenger,Reinelt)",15,5,9,149
bayg29,TSPLIB,"29 Cities in Bavaria, geographical distances (Groetschel,Juenger,Reinelt)",15,5,10,258
bayg29,TSPLIB,"29 Cities in Bavaria, geographical distances (Groetschel,Juenger,Reinelt)",15,5,11,71
bayg29,TSPLIB,"29 Cities in Bavaria, geographical distances (Groetschel,Juenger,Reinelt)",15,5,12,115
bayg29,TSPLIB,"29 Cities in Bavaria, geographical distances (Groetschel,Juenger,Reinelt)",15,5,13,258
bayg29,TSPLIB,"29 Cities in Bavaria, geographical distances (Groetschel,Juenger,Reinelt)",15,5,14,201
bayg29,TSPLIB,"29 Cities in Bavaria, geographical distances (Groetschel,Juenger,Reinelt)",15,5,15,127
bayg29,TSPLIB,"29 Cities in Bavaria, geographical distances (Groetschel,Juenger,Reinelt)",15,5,16,300
bayg29,TSPLIB,"29 Cities in Bavaria, geographical distances (Groetschel,Juenger,Reinelt)",15,5,17,239
bayg29,TSPLIB,"29 Cities in Bavaria, geographical distances (Groetschel,Juenger,Reinelt)",15,5,18,179
bayg29,TSPLIB,"29 Cities in Bavaria, geographical distances (Groetschel,Juenger,Reinelt)",15,5,19,153
bayg29,TSPLIB,"29 Cities in Bavaria, geographical distances (Groetschel,Juenger,Reinelt)",15,5,20,84
bayg29,TSPLIB,"29 Cities in Bavaria, geographical distances (Groetschel,Juenger,Reinelt)",15,5,21,291
bayg29,TSPLIB,"29 Cities in Bavaria, geographical distances (Groetschel,Juenger,Reinelt)",15,5,22,155
bayg29,TSPLIB,"29 Cities in Bavaria, geographical distances (Groetschel,Juenger,Reinelt)",15,5,23,75
bayg29,TSPLIB,"29 Cities in Bavaria, geographical distances (Groetschel,Juenger,Reinelt)",15,5,24,205
bayg29,TSPLIB,"29 Cities in Bavaria, geographical distances (Groetschel,Juenger,Reinelt)",15,5,25,145
bayg29,TSPLIB,"29 Cities in Bavaria, geographical distances (Groetschel,Juenger,Reinelt)",15,5,26,94
bayg29,TSPLIB,"29 Cities in Bavaria, geographical distances (Groetschel,Juenger,Reinelt)",15,5,28,162
bayg29,TSPLIB,"29 Cities in Bavaria, geographical distances (Groetschel,Juenger,Reinelt)",15,5,0,145
bayg29,TSPLIB,"29 Cities in Bavaria, geographical distances (Groetschel,Juenger,Reinelt)",15,5,1,74
bayg29,TSPLIB,"29 Cities in Bavaria, geographical distances (Groetschel,Juenger,Reinelt)",15,5,2,60
bayg29,TSPLIB,"29 Cities in Bavaria, geographical distances (Groetschel,Juenger,Reinelt)",15,5,3,173
bayg29,TSPLIB,"29 Cities in Bavaria, geographical distances (Groetschel,Juenger,Reinelt)",15,5,4,69
bayg29,TSPLIB,"29 Cities in Bavaria, geographical distances (Groetschel,Juenger,Reinelt)",15,5,5,120
bayg29,TSPLIB,"29 Cities in Bavaria, geographical distances (Groetschel,Juenger,Reinelt)",15,5,6,331
bayg29,TSPLIB,"29 Cities in Bavaria, geographical distances (Groetschel,Juenger,Reinelt)",15,5,7,210
bayg29,TSPLIB,"29 Cities in Bavaria, geographical distances (Groetschel,Juenger,Reinelt)",15,5,8,90
bayg29,TSPLIB,"29 Cities in Bavaria, geographical distances (Groetschel,Juenger,Reinelt)",15,5,9,135
bayg29,TSPLIB,"29 Cities in Bavaria, geographical distances (Groetschel,Juenger,Reinelt)",15,5,10,272
bayg29,TSPLIB,"29 Cities in Bavaria, geographical distances (Groetschel,Juenger,Reinelt)",15,5,11,153
bayg29,TSPLIB,"29 Cities in Bavaria, geographical distances (Groetschel,Juenger,Reinelt)",15,5,12,160
bayg29,TSPLIB,"29 Cities in Bavaria, geographical distances (Groetschel,Juenger,Reinelt)",15,5,13,234
bayg29,TSPLIB,"29 Cities in Bavaria, geographical distances (Groetschel,Juenger,Reinelt)",15,5,14,205
bayg29,TSPLIB,"29 Cities in Bavaria, geographical distances (Groetschel,Juenger,Reinelt)",15,5,15,214
bayg29,TSPLIB,"29 Cities in Bavaria, geographical distances (Groetschel,Juenger,Reinelt)",15,5,16,252
bayg29,TSPLIB,"29 Cities in Bavaria, geographical distances (Groetschel,Juenger,Reinelt)",15,5,17,204
bayg29,TSPLIB,"29 Cities in Bavaria, geographical distances (Groetschel,Juenger,Reinelt)",15,5,18,221
bayg29,TSPLIB,"29 Cities in Bavaria, geographical distances (Groetschel,Juenger,Reinelt)",15,5,19,114
bayg29,TSPLIB,"29 Cities in Bavaria, geographical distances (Groetschel,Juenger,Reinelt)",15,5,20,91
bayg29,TSPLIB,"29 Cities in Bavaria, geographical distances (Groetschel,Juenger,Reinelt)",15,5,21,269
bayg29,TSPLIB,"29 Cities in Bavaria, geographical distances (Groetschel,Juenger,Reinelt)",15,5,22,291
bayg29,TSPLIB,"29 Cities in Bavaria, geographical distances (Groetschel,Juenger,Reinelt)",15,5,23,180
bayg29,TSPLIB,"29 Cities in Bavaria, geographical distances (Groetschel,Juenger,Reinelt)",15,5,24,270
bayg29,TSPLIB,"29 Cities in Bavaria, geographical distances (Groetschel,Juenger,Reinelt)",15,5,25,36
bayg29,TSPLIB,"29 Cities in Bavaria, geographical distances (Groetschel,Juenger,Reinelt)",15,5,26,217
bayg29,TSPLIB,"29 Cities in Bavaria, geographical distances (Groetschel,Juenger,Reinelt)",15,5,27,162
